STRING_id,SYMBOL,ENTREZID,GENENAME,logFC,AveExpr,t,P.Value,adj.P.Val,B,First.Trimester.Average,Second.Trimester.Average,on_graph,cluster,boyan,is_local_max,updown,btw,cluster_max_btw,is_secreted
9606.ENSP00000005178,PDK4,5166,pyruvate dehydrogenase kinase 4,1.55197882436933,6.42077375701191,8.42226878195735,2.09483258779941E-08,1.0610850765351E-05,9.46433974848937,5.78587332886082,7.33785215323016,1,3,37,FALSE,green,111.147880261942,,FALSE
9606.ENSP00000156626,ST6GALNAC1,55808,"ST6 N-acetylgalactosaminide alpha-2,6-sialyltransferase 1",-1.10551704977416,4.53942725224394,-3.37796489768834,0.002651497586951,0.021064958285967,-1.86902883768981,4.99168422715155,3.88616717737739,1,1,0,FALSE,red,17.457713123333,,FALSE
9606.ENSP00000199936,HSD17B2,3294,hydroxysteroid 17-beta dehydrogenase 2,1.76926873650901,8.96700480777202,8.62566161794509,1.38354005145187E-08,7.79582506151343E-06,9.85984271335326,8.24321305192742,10.0124817884364,1,2,16,FALSE,green,27.3072797351951,,FALSE
9606.ENSP00000215631,GADD45B,4616,growth arrest and DNA damage inducible beta,1.0059956749267,6.19271937022526,6.88943315973386,5.69839023308351E-07,8.27241266675748E-05,6.28886553141559,5.78117568502797,6.78717135995467,1,2,36,FALSE,green,264.125,,FALSE
9606.ENSP00000220597,PAG1,55824,phosphoprotein membrane anchor with glycosphingolipid microdomains 1,1.12205441943196,6.81182361282598,5.14189184029377,3.50620072087465E-05,0.001204053098401,2.29337183206165,6.35280135033109,7.47485576976305,1,1,36,FALSE,green,0,,FALSE
9606.ENSP00000220809,PLAT,5327,"plasminogen activator, tissue type",-1.34124811367303,5.73857982619661,-2.92235990801735,0.007776011472658,0.043151530224655,-2.87981687535739,6.28727223633558,4.94602412266254,1,2,33,FALSE,red,119.544956926009,,FALSE
9606.ENSP00000221847,EBI3,10148,Epstein-Barr virus induced 3,1.89397799614345,8.77618160210653,3.79434705870443,0.000965230268485,0.010572540296075,-0.906844577178321,8.00137242186603,9.89535041800948,1,4,48,FALSE,green,52.8374817157395,,TRUE
9606.ENSP00000222271,COMP,1311,cartilage oligomeric matrix protein,-1.75509147555007,4.57910326759101,-4.69958177434219,0.000103780112832,0.002406930885857,1.24151301712504,5.29709523486149,3.54200375931142,1,2,17,FALSE,red,131.033387747014,,FALSE
9606.ENSP00000222543,TFPI2,7980,tissue factor pathway inhibitor 2,1.46354021466605,11.103247818906,2.93723180127885,0.007512694709551,0.042293611422676,-2.84774030066899,10.5045268219972,11.9680670366632,1,2,20,FALSE,green,321.557004910433,,TRUE
9606.ENSP00000223293,GIMAP2,26157,"GTPase, IMAP family member 2",1.2245046873391,5.42600118810386,4.41320347974721,0.000210325096705,0.003877522096753,0.558488864759695,4.92506745237423,6.14957213971333,1,1,0,FALSE,green,0,,FALSE
9606.ENSP00000225831,CCL2,6347,C-C motif chemokine ligand 2,1.6478641815505,6.20885176853403,5.84175574042569,6.47915583036076E-06,0.00038723945805,3.93259959321298,5.53472551244519,7.18258969399569,1,1,133,FALSE,green,1115.54276380288,,FALSE
9606.ENSP00000225844,CCL13,6357,C-C motif chemokine ligand 13,1.51954924539364,5.1672873128511,6.42972045698577,1.62933259152213E-06,0.00015865966656,5.27179761441118,4.54565353064462,6.06520277603826,1,1,91,FALSE,green,46.8507945405115,,FALSE
9606.ENSP00000230658,ISL1,3670,ISL LIM homeobox 1,1.35332358069768,6.79208495112593,4.08141577235399,0.000476852399106,0.006532458727718,-0.230386883649693,6.23845257720415,7.59177615790183,1,2,86,FALSE,green,13.5257983406238,,FALSE
9606.ENSP00000231004,LOX,4015,lysyl oxidase,-1.37015984929135,5.55130657150948,-2.93134200076127,0.007615941441661,0.042649693076143,-2.8604521981596,6.11182650985594,4.74166666056459,1,2,23,FALSE,red,800.975819665489,,FALSE
9606.ENSP00000231721,SEMA3G,56920,semaphorin 3G,1.06914719999922,5.96479573585198,5.54870380816058,1.307056084708E-05,0.000624581682365,3.25122819513206,5.5274173358523,6.59656453585152,1,2,26,FALSE,green,0.362568078505151,,FALSE
9606.ENSP00000242057,AHR,196,aryl hydrocarbon receptor,1.12117347903702,8.33288287176232,4.39700668302476,0.000218904947119,0.00397440323184,0.519882471142865,7.87422099397445,8.99539447301147,1,7,39,FALSE,green,526,,FALSE
9606.ENSP00000242465,SRGN,5552,serglycin,1.0158826744463,8.64198109734382,3.44060433739889,0.002280551148967,0.019001891644601,-1.72618951936713,8.22639273052487,9.24227540497118,1,1,29,FALSE,green,171.907470268356,,FALSE
9606.ENSP00000243457,KCNJ2,3759,potassium inwardly rectifying channel subfamily J member 2,1.18282986121283,6.20182723331994,5.10816320994909,3.80722293779407E-05,0.001258371026797,2.21345764692584,5.71794229009651,6.90077215130934,1,5,29,FALSE,green,0.133928571428571,,FALSE
9606.ENSP00000244096,MAGEA10,4109,MAGE family member A10,1.05896674315915,5.12410193972953,5.70539548244089,8.9718461342104E-06,0.000484722349744,3.6165744788223,4.69088827207351,5.74985501523267,1,2,0,FALSE,green,10.326596329,,FALSE
9606.ENSP00000244926,SCGB1D2,10647,secretoglobin family 1D member 2,-1.99671957727734,4.0985925056193,-4.19443622009748,0.000360895936624,0.005470998133788,0.037750165942018,4.9154323326873,2.91871275540997,1,2,0,FALSE,red,264,,FALSE
9606.ENSP00000244930,SCGB2A1,4246,secretoglobin family 2A member 1,-3.19680194505522,4.56448205460443,-4.86183181179597,6.96230350171151E-05,0.001863450875141,1.62815760371056,5.87226466849066,2.67546272343544,1,2,14,TRUE,red,0,,FALSE
9606.ENSP00000246006,CD93,22918,CD93 molecule,1.02181785807016,8.52998572561816,5.26580700673346,2.59244063195882E-05,0.000989179654315,2.58638300437174,8.11196932913492,9.13378718720507,1,1,32,FALSE,green,262.408847521193,,FALSE
9606.ENSP00000246657,CCR7,1236,C-C motif chemokine receptor 7,-1.2673055643667,5.47979754026254,-4.79504048361028,8.20470791189152E-05,0.002057371126273,1.46906746959883,5.99824072568528,4.73093516131858,1,1,142,FALSE,red,141.549810879281,,FALSE
9606.ENSP00000248564,GNG11,2791,G protein subunit gamma 11,1.33209144857015,8.88564802007121,10.1199512987507,7.72858076368209E-10,2.98408099489052E-06,12.5830131522404,8.34070151838342,9.67279296695357,1,2,8,FALSE,green,529.268897329745,,FALSE
9606.ENSP00000249501,HOXD10,3236,homeobox D10,-1.0746395527998,4.00804217011195,-4.93997369801267,5.74696701829074E-05,0.00162397906217,1.81410363780646,4.44766744171187,3.37302788891207,1,2,11,FALSE,red,271.184425639151,,FALSE
9606.ENSP00000249842,ISLR,3671,immunoglobulin superfamily containing leucine rich repeat,-1.20362604450056,5.82754968453947,-3.08168058615798,0.005362362638288,0.03345784130594,-2.53267149603538,6.3199421572897,5.11631611278913,1,2,8,FALSE,red,1011.61664476456,,FALSE
9606.ENSP00000252590,PLVAP,83483,plasmalemma vesicle associated protein,1.12075298294268,5.59931853293423,6.21063875281308,2.71265498477365E-06,0.000216382293884,4.77753683457454,5.14082867627586,6.26158165921854,1,5,27,FALSE,green,1373.08382474619,,FALSE
9606.ENSP00000252593,BST2,684,bone marrow stromal cell antigen 2,1.00544983026616,6.90358503296592,7.57954887998919,1.23896152834341E-07,3.26007786048907E-05,7.7608041802067,6.49226464785703,7.4977144781232,1,1,76,FALSE,green,0,,FALSE
9606.ENSP00000253410,HIGD1B,51751,HIG1 hypoxia inducible domain family member 1B,1.68705281148876,5.44040123688261,8.96829705537907,6.96342665696083E-09,6.25485744890793E-06,10.5124346659672,4.7502432685463,6.43729608003507,1,5,0,TRUE,green,0.178030303030303,,FALSE
9606.ENSP00000255499,RNF128,79589,ring finger protein 128,1.27140045439804,6.55948337059338,3.16672360142175,0.004387930865414,0.029370033642143,-2.34440561087024,6.03936500288509,7.31076545728313,1,1,15,FALSE,green,0,,FALSE
9606.ENSP00000256010,NTS,4922,neurotensin,1.43298335030477,4.94346264570693,3.7920033833604,0.000970782549255,0.010614692515083,-0.912332261344337,4.35724218421861,5.79022553452338,1,2,30,FALSE,green,474.526793936109,,FALSE
9606.ENSP00000256178,LYVE1,10894,lymphatic vessel endothelial hyaluronan receptor 1,1.84250684886823,8.3798106041462,4.28460088512751,0.000288908435324,0.00470943058159,0.252155213454791,7.62605780233647,9.4685646512047,1,1,12,FALSE,green,436.455725239159,,FALSE
9606.ENSP00000258317,NPL,80896,N-acetylneuraminate pyruvate lyase,1.0424797553813,7.70401829646493,3.55086150870704,0.001746970323203,0.015848735462936,-1.47295881108935,7.27754930562712,8.32002906100842,1,1,0,FALSE,green,501.530520197538,,FALSE
9606.ENSP00000258403,SLC19A3,80704,solute carrier family 19 member 3,1.23732941464404,6.49389344705881,4.34165249953219,0.000250957933934,0.004301741708486,0.387991137891061,5.98771323197715,7.2250426466212,1,1,4,FALSE,green,0,,FALSE
9606.ENSP00000259486,ENPP2,5168,ectonucleotide pyrophosphatase/phosphodiesterase 2,1.06564271857999,9.3974602275487,6.22846646571346,2.60188361387874E-06,0.000212567596374,4.81797622884427,8.9615154790387,10.0271581976187,1,2,40,FALSE,green,281.27156371078,,FALSE
9606.ENSP00000259526,CCN3,4856,cellular communication network factor 3,-1.56172101737305,4.17019085084585,-5.37193902269059,2.00352312794064E-05,0.000820068325156,2.83652799095833,4.80907672158937,3.24735570421632,1,2,85,FALSE,red,0,,FALSE
9606.ENSP00000259607,CCL21,6366,C-C motif chemokine ligand 21,-1.24261857090765,5.03406260898228,-3.73622777223011,0.001112623639083,0.011662114615348,-1.04272860445295,5.54240656980814,4.29978799890049,1,1,139,FALSE,red,558.898978085971,,FALSE
9606.ENSP00000259806,FOXF2,2295,forkhead box F2,1.02618191404672,5.41340084101492,5.0425502957055,4.46977717802898E-05,0.001401890950527,2.05782454956013,4.9935991489049,6.01978106295162,1,2,10,FALSE,green,576.20511551205,,FALSE
9606.ENSP00000260113,PI15,51050,peptidase inhibitor 15,-1.79080112234189,4.2048491964929,-3.9377047493701,0.000679117107033,0.008259058646814,-0.5700067303432,4.93744965563276,3.14664853329088,1,1,15,FALSE,red,0,,FALSE
9606.ENSP00000260649,SLC3A1,6519,solute carrier family 3 member 1,-2.1010178606045,4.35316149523711,-4.48550715043811,0.000175947401395,0.003417900574936,0.730890584191898,5.21266880184804,3.11165094124354,1,6,1,TRUE,red,853.552564130884,"6, SLC3A1, 2",FALSE
9606.ENSP00000260682,CYP2C9,1559,cytochrome P450 family 2 subfamily C member 9,-1.40854809030556,4.48906139811673,-4.58625475239131,0.000137224037118,0.002890410817267,0.97120646115569,5.06528561687809,3.65673752657254,1,1,6,FALSE,red,254.113482837268,,FALSE
9606.ENSP00000260762,EXOC6,54536,exocyst complex component 6,1.19616952084491,6.3103182911645,8.58870459726785,1.49125130066755E-08,8.16601151427709E-06,9.78842980683411,5.82097621445521,7.01714573530013,1,2,5,FALSE,green,0,,FALSE
9606.ENSP00000261292,LIPG,9388,"lipase G, endothelial type",1.38516696901268,8.45844998565614,3.91135146441016,0.000724528437416,0.008668514202511,-0.632088473641679,7.89179077106004,9.27695774007272,1,3,18,FALSE,green,0,,TRUE
9606.ENSP00000261839,MYO5C,55930,myosin VC,-1.14115509612741,6.22019457227498,-3.65887741124093,0.001343662995672,0.013228355663415,-1.22287910938109,6.68703074796347,5.54587565183606,1,2,1,FALSE,red,379.26829787576,,FALSE
9606.ENSP00000261883,CILP,8483,cartilage intermediate layer protein,-1.37136951877432,5.40505002547646,-4.38639211263851,0.000224716791307,0.00402562945064,0.494585068111292,5.96606482861141,4.59469530983709,1,2,19,FALSE,red,643.325233254364,,FALSE
9606.ENSP00000262041,MEOX2,4223,mesenchyme homeobox 2,1.80672923465564,6.09043774127,4.82882098543399,7.55068985234568E-05,0.00194884747896,1.54954479625661,5.3513212361836,7.15805047083925,1,2,37,FALSE,green,1458.95349033865,,FALSE
9606.ENSP00000262345,IL12RB2,3595,interleukin 12 receptor subunit beta 2,1.25104533183541,3.88032934493382,6.02998828916471,4.14723811547573E-06,0.000287764354307,4.36565629637462,3.36853807281933,4.61958340465474,1,4,32,FALSE,green,6.23242559166789,"4, IL12RB2, 5",FALSE
9606.ENSP00000262352,SLC1A1,6505,solute carrier family 1 member 1,-2.18755027298438,5.52273321723952,-4.39559973772376,0.000219666569132,0.003979683060951,0.516529183322296,6.41764014709676,4.23008987411238,1,2,17,FALSE,red,1.34971178530161,,FALSE
9606.ENSP00000262848,PRKX,5613,protein kinase X-linked,-1.23108559610586,5.88217950012635,-5.42841989783263,1.74741577420544E-05,0.000756504081222,2.96930914074525,6.38580542580602,5.15471982970016,1,2,31,FALSE,red,936.627170680743,,FALSE
9606.ENSP00000263665,CNTN3,5067,contactin 3,-1.19053475021886,2.92178238793892,-4.21719396772181,0.000341192996312,0.005277031525396,0.091830483937903,3.40881933121027,2.21828458099141,1,2,5,FALSE,red,326.936442928181,,FALSE
9606.ENSP00000263735,EPCAM,4072,epithelial cell adhesion molecule,-3.07752685160257,5.67452528962426,-4.96818328673821,5.36284427439158E-05,0.001545612913847,1.88117473208018,6.93351354709804,3.85598669549547,1,1,30,FALSE,red,165.784736089585,,FALSE
9606.ENSP00000263915,GRB14,2888,growth factor receptor bound protein 14,1.50044356224447,3.97695024617922,10.3024960006411,5.53653771655618E-10,2.98408099489052E-06,12.8943461146495,3.36313242526102,4.8635759875055,1,2,27,FALSE,green,179.419608928766,,FALSE
9606.ENSP00000264424,GUCY1B1,2983,guanylate cyclase 1 soluble subunit beta 1,1.06035452929563,6.84224485168377,5.95512445726183,4.95021011342898E-06,0.000324583194525,4.19388068543091,6.40846345333556,7.46881798263119,1,2,20,FALSE,green,108.062755976649,,FALSE
9606.ENSP00000264613,CP,1356,ceruloplasmin,-2.03119494505463,4.9401524664279,-3.33874795172303,0.002913016524574,0.022398720229372,-1.95804676433567,5.77109585304116,3.73990090798653,1,2,11,FALSE,red,540.713481930932,,FALSE
9606.ENSP00000264870,F13A1,2162,coagulation factor XIII A chain,1.2874670591323,9.7411990123628,2.98900842566625,0.006660931601097,0.03894866815868,-2.7355245078984,9.21450794271776,10.5019750018501,1,1,28,FALSE,green,529.536500687348,,TRUE
9606.ENSP00000265605,ALDH8A1,64577,aldehyde dehydrogenase 8 family member A1,-1.69713770303209,3.77449862184625,-3.91001818316958,0.000726904181929,0.008668514202511,-0.635227548169753,4.46878222763211,2.77164452460002,1,1,6,FALSE,red,120.487213941334,,FALSE
9606.ENSP00000265717,PRKAR2B,5577,protein kinase cAMP-dependent type II regulatory subunit beta,1.3431064586943,7.21441554051172,7.70425924636498,9.46735058565074E-08,2.62764370158726E-05,8.0194801262863,6.6649628983186,8.0080693570129,1,2,42,FALSE,green,308.354457186603,,FALSE
9606.ENSP00000266397,ERP27,121506,endoplasmic reticulum protein 27,-1.35008759426657,5.60894228817078,-4.70513811635035,0.000102369422394,0.002391593332395,1.25476266930554,6.16125084946165,4.81116325519508,1,2,0,FALSE,red,59.0939688987175,,FALSE
9606.ENSP00000267953,BCL2A1,597,BCL2 related protein A1,1.04324829415192,4.20610284954283,4.45141636781605,0.000191392703953,0.003641133873044,0.649593473319148,3.77931945648069,4.8225677506326,1,1,19,FALSE,green,868.587982840834,,FALSE
9606.ENSP00000269346,TTYH2,94015,tweety family member 2,1.03606489351152,5.46186315232522,6.83288971039579,6.47509887668668E-07,8.98575194113348E-05,6.16529534738,5.03801842316142,6.07408331667294,1,8,1,TRUE,green,0,"8, TTYH2, 0",FALSE
9606.ENSP00000272190,REN,5972,renin,-1.24395913016509,6.52132712239027,-5.55653808572367,1.28262685073524E-05,0.00061727559674,3.26954752193758,7.03021949382144,5.78626036365636,1,1,52,FALSE,red,6.06464584863707,,FALSE
9606.ENSP00000274063,SFRP2,6423,secreted frizzled related protein 2,-1.33489476844004,3.83406791073054,-4.31251270449509,0.00026967462429,0.004519866840354,0.318597040112391,4.38016122509238,3.04526645665234,1,2,97,FALSE,red,235.708316908228,,FALSE
9606.ENSP00000274532,TIMD4,91937,T cell immunoglobulin and mucin domain containing 4,1.33260054318015,4.63745404688053,5.10903318664945,3.79913942030605E-05,0.001257751042399,2.21551970010877,4.09229927921592,5.42489982239608,1,1,0,FALSE,green,0.01010101010101,,FALSE
9606.ENSP00000278927,ESAM,90952,endothelial cell adhesion molecule,1.11586423218897,7.10923136651807,7.17185422200996,3.02874439399627E-07,5.62985230887692E-05,6.89942591684784,6.65274145334985,7.76860568553882,1,1,9,FALSE,green,369.218431467,,FALSE
9606.ENSP00000281441,TMEM45B,120224,transmembrane protein 45B,-1.47271509140887,4.68458397280612,-4.66057476536042,0.000114249315065,0.002552155868281,1.14848578847407,5.28705832838247,3.81434323697361,1,1,0,FALSE,red,0,,FALSE
9606.ENSP00000281703,GLT1D1,144423,glycosyltransferase 1 domain containing 1,-1.4201792178917,5.1357980622673,-4.62236126536204,0.000125534289861,0.002720267643708,1.05733677464231,5.71678046958664,4.29660125169493,1,1,0,FALSE,red,0,,FALSE
9606.ENSP00000282728,HHEX,3087,hematopoietically expressed homeobox,1.09231338321393,5.38761831306638,7.15104763556703,3.17198106384304E-07,5.78986561572288E-05,6.85482687882864,4.94076283811523,6.03307622132916,1,2,63,FALSE,green,7.64607912926906,,FALSE
9606.ENSP00000282849,ADAMTS18,170692,ADAM metallopeptidase with thrombospondin type 1 motif 18,1.08805675800534,6.35692964505771,5.75189840650417,8.02752388051396E-06,0.000449677978268,3.72455666531512,5.9118155167828,6.99987227478813,1,2,22,FALSE,green,11.3184901442109,,TRUE
9606.ENSP00000283228,PTPRR,5801,protein tyrosine phosphatase receptor type R,-1.82785473951363,3.95010962004629,-3.64728441559413,0.001382134875715,0.013473922973773,-1.24980596295408,4.69786837712005,2.87001363760642,1,2,34,FALSE,red,878.020938789789,,FALSE
9606.ENSP00000283871,HGD,3081,"homogentisate 1,2-dioxygenase",-1.17969495893171,4.3131814052845,-4.00563128340333,0.000574663605676,0.007375380820388,-0.409693944191508,4.79578388848384,3.61608892955212,1,1,0,FALSE,red,1046.98253179183,,FALSE
9606.ENSP00000284322,ABI3BP,25890,ABI family member 3 binding protein,1.21715052564029,7.75030527946496,3.34624570754946,0.00286114871128,0.022140937254508,-1.94105299695787,7.2523800644303,8.46953059007059,1,2,7,FALSE,green,0,,FALSE
9606.ENSP00000284509,ATP8B4,79895,ATPase phospholipid transporting 8B4 (putative),1.22959816076034,5.50718144144862,6.07699506120125,3.71220900299412E-06,0.000269580883906,4.47319337913905,5.00416401204666,6.233762172807,1,1,23,FALSE,green,252.47392699784,,FALSE
9606.ENSP00000286234,DEPTOR,64798,DEP domain containing MTOR interacting protein,-1.58310853951401,6.55394224314484,-4.24588585814191,0.000317873737208,0.00502070102758,0.160048407113439,7.2015775547642,5.6184690152502,1,2,25,FALSE,red,0,,FALSE
9606.ENSP00000286758,CXCL13,10563,C-X-C motif chemokine ligand 13,-2.1834392317404,3.92142301568867,-4.40080164618827,0.000216863764991,0.003951328005822,0.528927547325934,4.8146481559461,2.6312089242057,1,1,119,FALSE,red,34.9188744493569,,FALSE
9606.ENSP00000289416,ACSM3,6296,acyl-CoA synthetase medium chain family member 3,-1.4146074698543,4.68775176102455,-4.34515008046752,0.000248800495939,0.004271988854432,0.396322188010655,5.26645481687404,3.85184734701973,1,2,7,FALSE,red,1184.38596471614,,FALSE
9606.ENSP00000289575,SLCO2B1,11309,solute carrier organic anion transporter family member 2B1,1.03433203964464,5.44289541093357,7.88961689775857,6.37166896413184E-08,1.92681171466082E-05,8.39974251251393,5.01975957653349,6.05409161617813,1,1,1,FALSE,green,6.5304005685706,,FALSE
9606.ENSP00000292169,S100A1,6271,S100 calcium binding protein A1,-1.01621015169034,5.28611474587334,-3.65055525573593,0.001371172083719,0.013401503901708,-1.24221085509426,5.70183708065576,4.68562692896541,1,8,40,FALSE,red,0,,FALSE
9606.ENSP00000294338,PDZK1IP1,10158,PDZK1 interacting protein 1,-1.52167311546014,5.03946530238718,-3.09974875465695,0.005139294214446,0.032588451214538,-2.49283611572567,5.66196794052997,4.14029482506983,1,1,0,FALSE,red,0.25,,FALSE
9606.ENSP00000294489,PDPN,10630,podoplanin,1.13218154633263,6.61212771120685,7.11204069499592,3.45954733667314E-07,5.9909306485756E-05,6.77105016356456,6.14896253316168,7.28114407949431,1,2,59,FALSE,green,0,,FALSE
9606.ENSP00000295256,HPGDS,27306,hematopoietic prostaglandin D synthase,1.13472704790182,7.34131315835667,3.13163059896807,0.00476731915548,0.031077369614239,-2.42232792036792,6.87710663876047,8.01183368666229,1,1,13,FALSE,green,702.119602207546,,FALSE
9606.ENSP00000296028,PPBP,5473,pro-platelet basic protein,2.00206972486328,6.20837897801681,5.62760495363284,1.08114322400201E-05,0.000538207441315,3.43547796502307,5.38935045420911,7.39142017907239,1,1,91,FALSE,green,306.786692376377,,FALSE
9606.ENSP00000296029,PF4,5196,platelet factor 4,1.97773741414907,6.42174176947013,5.88919972054623,5.78798272528193E-06,0.000364193534152,4.04210980841446,5.61266737277278,7.59040478692185,1,1,113,FALSE,green,227.89582545183,,FALSE
9606.ENSP00000296130,CLEC3B,7123,C-type lectin domain family 3 member B,1.42414733619701,7.09182103157348,3.15964048231783,0.004462076826252,0.029660806619652,-2.36015921421105,6.50921530312924,7.93336263932626,1,2,30,FALSE,green,557.275065070731,,FALSE
9606.ENSP00000296420,EMCN,51705,endomucin,-1.2500181109667,3.50473855474425,-4.10085546496569,0.000454551793747,0.006334026061282,-0.184324422513519,4.01610960013972,2.76609148917302,1,2,0,FALSE,red,1191.80331158533,,FALSE
9606.ENSP00000297439,DEFB1,1672,defensin beta 1,-3.23140562534103,6.31972362429263,-4.99433092286312,5.02995971257171E-05,0.001489855705136,1.94331363257068,7.64166228920487,4.41025666386384,1,1,37,TRUE,red,0,,FALSE
9606.ENSP00000297596,GEM,2669,GTP binding protein overexpressed in skeletal muscle,-1.22208652412734,5.56882725274455,-3.78357412825883,0.000991013711417,0.010748891224315,-0.932063739800557,6.06877173988755,4.84668521576021,1,2,14,FALSE,red,444.864558952169,,FALSE
9606.ENSP00000298223,FOLR2,2350,folate receptor beta,1.01745888068293,7.54404661635384,4.89064515484328,6.48660185227383E-05,0.001782076157809,1.6967465589151,7.12781343789264,8.14527231857557,1,1,29,FALSE,green,1039.80347507974,,FALSE
9606.ENSP00000298815,ARHGAP42,143872,Rho GTPase activating protein 42,1.50285790687397,5.30254691790909,9.09022612312561,5.47410070153346E-09,6.16170857298719E-06,10.7405539230927,4.68774141055156,6.19059931742553,1,2,32,FALSE,green,1.678113025427,,FALSE
9606.ENSP00000299106,JAM3,83700,junctional adhesion molecule 3,1.09045794044407,5.81842958002352,7.39688822103303,1.84417363356799E-07,4.1967325799469E-05,7.37784068702997,5.37233314984186,6.46279109028593,1,2,52,FALSE,green,264,,FALSE
9606.ENSP00000299339,CLDN10,9071,claudin 10,-1.6175868047154,6.15749363654286,-4.56128272296913,0.000145942220893,0.003014205237014,0.911635941677302,6.81923369301734,5.20164688830194,1,1,6,FALSE,red,0,,FALSE
9606.ENSP00000300184,MS4A7,58475,membrane spanning 4-domains A7,1.06122122548504,6.21476193940271,3.90812176668727,0.000730296658357,0.008688514735742,-0.639692162727503,5.78062598352246,6.8418472090075,1,1,0,FALSE,green,10.4165159329225,,FALSE
9606.ENSP00000301464,IGFBP6,3489,insulin like growth factor binding protein 6,-1.46473914790965,7.02718119606067,-3.9746884917652,0.00062010685886,0.007769935106599,-0.482772342758865,7.62639266566008,6.16165351775042,1,2,18,FALSE,red,291.178862703132,,FALSE
9606.ENSP00000301921,SOX7,83595,SRY-box transcription factor 7,1.13091143674398,5.21588581043563,6.5305847001703,1.29099793766938E-06,0.000135528027021,5.49733054077727,4.75324022267673,5.88415165942071,1,2,28,FALSE,green,127.251861603107,,FALSE
9606.ENSP00000302046,RNASE6,6039,ribonuclease A family member k6,1.12942876423924,5.74863504649907,4.39236572868798,0.000221427299958,0.003987856466179,0.508821482822697,5.28659600658302,6.41602477082226,1,1,18,FALSE,green,53.3700883515567,,FALSE
9606.ENSP00000302079,C3AR1,719,complement C3a receptor 1,1.18638186885256,7.02667885059458,4.75914185626002,8.96238846024359E-05,0.002192195669901,1.38351346937707,6.54134081333672,7.72772268218928,1,1,108,FALSE,green,390.04875418222,,FALSE
9606.ENSP00000303508,FRMD3,257019,FERM domain containing 3,1.21701492785248,4.84386177840667,6.41257354826023,1.69530331661025E-06,0.000158921392127,5.23332812882979,4.3459920351943,5.56300696304677,1,2,0,FALSE,green,5.93722474301334,,FALSE
9606.ENSP00000305372,ADRB2,154,adrenoceptor beta 2,1.23075652860917,4.5441014349156,5.84327758145523,6.4557302665823E-06,0.00038723945805,3.93611595325244,4.0406101277573,5.27136665636647,1,2,85,FALSE,green,82.229556874491,,FALSE
9606.ENSP00000305647,VAMP5,10791,vesicle associated membrane protein 5,1.0366836446431,6.41387392904928,5.15817793596253,3.36958202562658E-05,0.001166190104618,2.3319357678453,5.98977607442256,7.02645971906566,1,2,10,FALSE,green,9.04127848398823,,FALSE
9606.ENSP00000306512,CXCL8,3576,C-X-C motif chemokine ligand 8,1.73694519993136,4.34440128289751,3.62611750696882,0.00145519169191,0.014004953400693,-1.29891803222527,3.6338327920165,5.37077799194787,1,1,117,FALSE,green,826.700177263735,,FALSE
9606.ENSP00000307822,NPFFR2,10886,neuropeptide FF receptor 2,1.36536954669786,5.21626021280366,5.05804834965289,4.30345504034169E-05,0.00136879595875,2.09460561577843,4.65769994369999,6.02306949039786,1,2,31,FALSE,green,0.789621581501674,,FALSE
9606.ENSP00000309524,CSHL1,1444,chorionic somatomammotropin hormone like 1,2.25069525606447,10.477144195175,3.68996757497565,0.001245613605171,0.012586661343074,-1.15056994165789,9.55640522678501,11.8071004828495,1,4,8,FALSE,green,0,,TRUE
9606.ENSP00000309757,LPL,4023,lipoprotein lipase,1.2694189473177,5.7421193668107,6.95858029866856,4.87675528165367E-07,7.48544990618068E-05,6.43938190413021,5.22281161563528,6.49223056295298,1,3,42,FALSE,green,315.447610626924,,FALSE
9606.ENSP00000311165,AQP1,358,aquaporin 1 (Colton blood group),-1.11821897201127,6.83566027308949,-6.879265184618,5.83066839673855E-07,8.27241266675748E-05,6.26667674313642,7.29311348891228,6.17489451690102,1,2,72,FALSE,red,3567.26481965494,"2, AQP1, 809",FALSE
9606.ENSP00000311500,MZT2A,653784,mitotic spindle organizing protein 2A,-1.07080945505646,7.22031751063177,-8.9468799687437,7.26551502183489E-09,6.25485744890793E-06,10.4721431976315,7.65837592406396,6.5875664690075,1,2,0,FALSE,red,0,,FALSE
9606.ENSP00000312134,PRG2,5553,"proteoglycan 2, pro eosinophil major basic protein",1.343883111209,11.4673045052887,3.54922444718973,0.00175391655779,0.015893071856115,-1.47673444097976,10.9175341416123,12.2614172528213,1,2,39,FALSE,green,0,,FALSE
9606.ENSP00000312652,LEP,3952,leptin,-2.68300607430814,8.55131204095809,-4.66454274212705,0.000113137548427,0.00253011023032,1.1579497389759,9.64890543499324,6.96589936068509,1,4,143,TRUE,red,21.7245436498581,,TRUE
9606.ENSP00000312673,GH1,2688,growth hormone 1,1.94194126134601,10.3127984714046,3.70717483302393,0.001194410574743,0.012259347849477,-1.11049065932222,9.51836795539943,11.4603092167454,1,4,59,FALSE,green,5.5382638884211,,FALSE
9606.ENSP00000313967,C1QB,713,complement C1q B chain,1.36945883036352,6.87439256108615,4.4552431526861,0.000189593370342,0.003617091597449,0.658718459122077,6.31415940321016,7.68361823357368,1,1,46,FALSE,green,1291.77087683722,,FALSE
9606.ENSP00000314946,RPRM,56475,"reprimo, TP53 dependent G2 arrest mediator homolog",-1.14643808499762,4.2440350873696,-4.98469766898446,5.1501028246135E-05,0.001510075735593,1.92042399317408,4.71303248577772,3.56659440078009,1,2,4,FALSE,red,0,,FALSE
9606.ENSP00000315130,CLU,1191,clusterin,-1.4400596120172,6.71800600686797,-3.95188632754521,0.000655858776499,0.008078027155403,-0.536571119245997,7.30712130269319,5.86706169067598,1,2,103,FALSE,red,420.733951805313,,FALSE
9606.ENSP00000316416,CSH1,1442,chorionic somatomammotropin hormone 1,1.63719645585961,12.3995356780147,3.07499710198604,0.005447216164723,0.033813127056821,-2.54738377037352,11.7297734915267,13.3669699473863,1,4,25,FALSE,green,5.5382638884211,,TRUE
9606.ENSP00000322061,C7,730,complement C7,2.05943694588193,6.75106074701305,8.54124263389474,1.64240121238941E-08,8.75702393795311E-06,9.69642441374521,5.9085638146068,7.96800076048873,1,1,51,FALSE,green,45.0028604974477,,FALSE
9606.ENSP00000322390,FGF13,2258,fibroblast growth factor 13,1.23772427776966,6.3448860981705,5.33660617768515,2.18277830207661E-05,0.000867162179968,2.75334100116629,5.83854434817382,7.07626862594347,1,1,53,FALSE,green,226.271394023956,,FALSE
9606.ENSP00000328923,KANK3,256949,KN motif and ankyrin repeat domains 3,1.22722394214445,5.3461509659659,8.90767670437793,7.85404169755787E-09,6.3652295533688E-06,10.3982188460356,4.84410480781589,6.07132874996034,1,2,0,FALSE,green,224.184752385893,,FALSE
9606.ENSP00000329794,TCEAL7,56849,transcription elongation factor A like 7,-1.20643082186525,3.85070890847766,-4.05421334630812,0.000509895002895,0.006821542375034,-0.294798327732689,4.34424879014981,3.13781796828457,1,2,5,FALSE,red,0.118357487922705,,FALSE
9606.ENSP00000330658,PAPPA,5069,pappalysin 1,1.71784023225618,9.05952053705921,4.91893405324643,6.05142976656198E-05,0.001689618216555,1.76405938916707,8.35676771477259,10.0746079470288,1,2,7,FALSE,green,264,,TRUE
9606.ENSP00000331358,GAST,2520,gastrin,-1.30059925325466,4.85352967752686,-4.37536141276579,0.000230920054952,0.004082610151295,0.468298885446353,5.38559300840376,4.0849937551491,1,2,16,FALSE,red,21.2549299613004,,FALSE
9606.ENSP00000331608,IRX3,79191,iroquois homeobox 3,-2.35102946596396,6.42444962516118,-4.00554517323806,0.000574785366734,0.007375380820388,-0.409897425169408,7.38623440669189,5.03520494072793,1,1,22,FALSE,red,21.359453490771,,FALSE
9606.ENSP00000332256,ALDH1A3,220,aldehyde dehydrogenase 1 family member A3,-1.24556760775143,7.18067651537785,-2.93293138170421,0.007587947098196,0.04252818704192,-2.8570229389673,7.69022690036707,6.44465929261564,1,2,20,FALSE,red,1434.8902917483,,FALSE
9606.ENSP00000332879,FLRT2,23768,fibronectin leucine rich transmembrane protein 2,-1.41971334855617,6.16582368665041,-5.85551189315175,6.27051458218483E-06,0.000381522210059,3.96437577345477,6.74661551105976,5.32690216250358,1,2,60,FALSE,red,0,,FALSE
9606.ENSP00000333994,HBB,3043,hemoglobin subunit beta,1.06122590183907,11.1761701256451,2.98902755551371,0.006660634714818,0.03894866815868,-2.73548289528996,10.7420322567109,11.80325815855,1,1,48,FALSE,green,916.112150906348,,FALSE
9606.ENSP00000334872,MT1F,4494,metallothionein 1F,-1.95160532377812,7.49422881443887,-6.2602792172603,2.41555590365276E-06,0.000198949504731,4.8900436144317,8.29261281052992,6.3410074867518,1,3,15,FALSE,red,1.90569301794792,,FALSE
9606.ENSP00000336762,RNASE4,6038,ribonuclease A family member 4,-1.04855004469491,5.13226662349354,-3.03453691915013,0.005989157987173,0.036298632957857,-2.63617794625267,5.56121891450509,4.51266886981018,1,1,64,FALSE,red,343.709246819363,,FALSE
9606.ENSP00000336831,PLS1,5357,plastin 1,-1.8142584908673,5.29812710291873,-6.49043949131831,1.41609936218089E-06,0.000144178840086,5.40772186751032,6.04032375827353,4.22606526740623,1,2,14,FALSE,red,265.79565395987,,FALSE
9606.ENSP00000338648,MS4A4A,51338,membrane spanning 4-domains A4A,1.62384536057947,7.01400004753589,4.83783494160209,7.38522282088836E-05,0.001930735478374,1.57101404573906,6.34969967275338,7.97354503333285,1,1,0,FALSE,green,11.4227796100623,,FALSE
9606.ENSP00000339398,HLA-DQA1,3117,"major histocompatibility complex, class II, DQ alpha 1",-1.25296559771877,4.56858880014873,-3.86448992071638,0.000812825388847,0.009346569354952,-0.74231039314495,5.08116563557914,3.82820003786037,1,1,35,FALSE,red,94.2582309755237,,FALSE
9606.ENSP00000340989,SFN,2810,stratifin,-1.78984163057579,7.5997564553534,-6.63545292474633,1.01485651980189E-06,0.000115182677924,5.73041964882825,8.33196439513441,6.54212276455862,1,2,56,FALSE,red,2406.44932429025,,FALSE
9606.ENSP00000341640,COL9A3,1299,collagen type IX alpha 3 chain,-1.36692771502365,5.481606841048,-4.26056724610661,0.000306563379214,0.004917878563933,0.194969408661701,6.04080454264858,4.67387682762494,1,2,7,FALSE,red,11.1992404685577,,FALSE
9606.ENSP00000342082,SLPI,6590,secretory leukocyte peptidase inhibitor,-2.18742357566532,7.3031750169369,-4.64142747869841,0.000119770331431,0.002643427761579,1.10281593981904,8.19803011607272,6.0106065404074,1,1,53,FALSE,red,136.506267469255,,FALSE
9606.ENSP00000342295,ANKRD55,79722,ankyrin repeat domain 55,-1.30328825509233,3.94805985487854,-4.10753156026499,0.000447134959417,0.006278171457202,-0.168499463257263,4.48122323196177,3.17793497686944,1,2,0,FALSE,red,628.160029615757,,FALSE
9606.ENSP00000343676,GJA4,2701,gap junction protein alpha 4,1.23103958304854,6.00941230788587,5.35443811105435,2.09036550379693E-05,0.000847057909449,2.79533571422074,5.50580520572965,6.73684478877819,1,5,12,FALSE,green,902.625612021252,"5, GJA4, 5",FALSE
9606.ENSP00000343746,CORO2A,7464,coronin 2A,-1.18688567092207,4.84012764605712,-8.93701794736738,7.40913966604759E-09,6.25485744890793E-06,10.4535676674274,5.3256717841616,4.13878611323953,1,2,7,FALSE,red,24.1348118384696,,FALSE
9606.ENSP00000344758,ECM2,1842,extracellular matrix protein 2,-1.22666090352735,4.87416403841713,-3.24220733022871,0.00366826277603,0.025992244552456,-2.17573723737909,5.37597986258741,4.14931895906006,1,2,8,FALSE,red,213.689066111213,,FALSE
9606.ENSP00000345229,DNER,92737,delta/notch like EGF repeat containing,-2.48735313722672,4.56580726034972,-3.66056648584391,0.001338146344242,0.013206129118693,-1.21895426987374,5.58336081648792,3.09600767926121,1,2,21,FALSE,red,196.873989470427,,FALSE
9606.ENSP00000347852,SORBS2,8470,sorbin and SH3 domain containing 2,1.10539695309476,5.11512921463862,9.39195416319281,3.0425552394227E-09,4.93618687516776E-06,11.2958846571343,4.66292137019076,5.76831832328552,1,2,6,FALSE,green,20.5326990650732,,FALSE
9606.ENSP00000349785,MAP1LC3C,440738,microtubule associated protein 1 light chain 3 gamma,1.27647565824555,4.87138084714268,10.1042660136302,7.95476412407272E-10,2.98408099489052E-06,12.5560514667562,4.3491862596786,5.62566191792414,1,2,6,FALSE,green,3.4430346342111,,FALSE
9606.ENSP00000350541,LVRN,206338,laeverin,1.24657778517065,6.80413414926668,3.1885005240673,0.004167355986701,0.028286365040718,-2.29589093563541,6.29417050987869,7.54074829504934,1,1,11,FALSE,green,0,,FALSE
9606.ENSP00000351497,FCGR2B,2213,Fc fragment of IgG receptor IIb,2.96576542674796,7.18968092519492,8.24271203082248,3.03507589226852E-08,1.3975834693921E-05,9.11013380516671,5.97641325061621,8.94217867736417,1,1,112,FALSE,green,18.2017539930808,,FALSE
9606.ENSP00000352071,CD163,9332,CD163 molecule,1.29354626215105,7.48681570690241,4.52397759028752,0.000160012068139,0.003197243109045,0.822648096415396,6.95763769056789,8.25118395271894,1,1,9,FALSE,green,1588.16931706251,,FALSE
9606.ENSP00000352173,PLAC1,10761,placenta enriched 1,1.7870933529482,8.19037158583463,4.83055645415561,7.51854454894742E-05,0.001945507421535,1.55367847825816,7.45928794144672,9.24638129439493,1,2,5,FALSE,green,0,,TRUE
9606.ENSP00000353379,MAGEA4,4103,MAGE family member A4,1.37818910137206,3.64127864327876,4.94175549992469,5.72190340804175E-05,0.001619154817742,1.81834099316373,3.07747401089928,4.45566311227134,1,2,0,FALSE,green,264,,FALSE
9606.ENSP00000354335,MPEG1,219972,macrophage expressed 1,1.29485362010892,6.23601567529697,6.88055143755736,5.81376270028279E-07,8.27241266675748E-05,6.26948441868035,5.70630283070695,7.00115645081588,1,1,0,FALSE,green,52.5699229995241,,FALSE
9606.ENSP00000355751,THBS2,7058,thrombospondin 2,-1.54101549365777,5.20547043749731,-3.33054271397297,0.002970827290209,0.022705368437164,-1.9766301233647,5.83588586672094,4.29487037306317,1,2,17,FALSE,red,1194.42217468227,,FALSE
9606.ENSP00000355995,HSD11B1,3290,hydroxysteroid 11-beta dehydrogenase 1,2.65558471170328,6.23247537730895,9.31205182625433,3.55056554325935E-09,4.93618687516776E-06,11.1500900396376,5.14609981343033,7.80168452513362,1,1,11,FALSE,green,1733.07808829742,,FALSE
9606.ENSP00000356037,C4BPA,722,complement component 4 binding protein alpha,-2.20384637971931,5.56998539613582,-4.85828020333753,7.02332372692871E-05,0.001869566464711,1.61970129350645,6.4715589151119,4.26771253539259,1,3,49,FALSE,red,157.363998342335,,FALSE
9606.ENSP00000356505,NCF2,4688,neutrophil cytosolic factor 2,1.10089753918824,5.77248340237995,4.23753874413293,0.000324488873564,0.005083975662562,0.140198323234817,5.32211622725749,6.42301376644574,1,1,25,FALSE,green,503.665420639698,,FALSE
9606.ENSP00000356581,ADGRG6,57211,adhesion G protein-coupled receptor G6,1.04440204822026,7.8611675583659,2.87845972165459,0.008605706084681,0.046273941343347,-2.97408612732079,7.43391217500306,8.47831422322333,1,2,19,FALSE,green,267.061530139094,,FALSE
9606.ENSP00000356791,DPT,1805,dermatopontin,1.4966084522831,5.56876249044872,6.53684062247087,1.27254685590738E-06,0.000134398385513,5.51127572481399,4.95651357815109,6.45312203043419,1,2,10,FALSE,green,858.135292211824,,FALSE
9606.ENSP00000356857,TCF21,6943,transcription factor 21,1.74533229149878,7.49875116613778,7.14100409716844,3.24359346957452E-07,5.81579179531411E-05,6.83327654929682,6.78475159234282,8.5300838838416,1,2,27,FALSE,green,0,,FALSE
9606.ENSP00000356940,MOXD1,26002,monooxygenase DBH like 1,-1.29086046447649,4.52881217962292,-4.24678935035843,0.000317165831743,0.005019581070454,0.162197170429067,5.05689146054512,3.76603099606863,1,2,2,FALSE,red,4.86538089738462,,FALSE
9606.ENSP00000357106,CADM3,57863,cell adhesion molecule 3,1.17763608372563,5.56229002804134,7.93902402216955,5.737862071674E-08,1.89060060569411E-05,8.50024945532527,5.08052981197176,6.25816589569739,1,2,4,FALSE,green,377.336340602119,,FALSE
9606.ENSP00000357123,MNDA,4332,myeloid cell nuclear differentiation antigen,1.38644338096775,5.44623898384759,5.22451363993586,2.86650561017175E-05,0.001059822448316,2.48884773657533,4.87905760072442,6.26550098169217,1,1,53,FALSE,green,141.787555255408,,FALSE
9606.ENSP00000357545,FAM162B,221303,family with sequence similarity 162 member B,1.56742528410939,7.49007403223552,7.23803356829969,2.61575490157755E-07,5.04741048198692E-05,7.04087278776513,6.84885459782713,8.41627988193652,1,2,0,FALSE,green,0,,FALSE
9606.ENSP00000357722,S100A8,6279,S100 calcium binding protein A8,1.86802697480907,7.26656730465469,3.85093325847426,0.000840298451142,0.009602530692941,-0.774153476518653,6.50237445132371,8.37040142613278,1,1,119,FALSE,green,176.59108886036,,FALSE
9606.ENSP00000357727,S100A9,6280,S100 calcium binding protein A9,1.69108368483619,8.90571561293697,6.73832903948507,8.02506602946887E-07,0.000104361933518,5.95766919970559,8.21390865095853,9.90499233579472,1,1,119,FALSE,green,52.663560482526,,FALSE
9606.ENSP00000358301,ADRB1,153,adrenoceptor beta 1,1.00170882794178,6.77658767951883,4.12539844005128,0.000427872587867,0.006109321002661,-0.126133604725162,6.36679770445174,7.36850653239351,1,2,50,FALSE,green,4.82328510010949,,FALSE
9606.ENSP00000358730,TMIGD3,57413,transmembrane and immunoglobulin domain containing 3,1.46132601880867,5.81218894957271,5.08429979681599,4.03586361895748E-05,0.001308330124539,2.15687975282322,5.21437376006007,6.67569977886874,1,1,29,FALSE,green,214.256371119799,,FALSE
9606.ENSP00000358955,KIAA1324,57535,KIAA1324,-1.08449885267901,3.95310565275539,-4.27715801709023,0.000294264624293,0.004765863751235,0.234443090912817,4.39676427430589,3.31226542162688,1,2,10,FALSE,red,9.86205835520432,,FALSE
9606.ENSP00000359245,ABCA4,24,ATP binding cassette subfamily A member 4,-1.97201879142277,4.95007251698388,-4.43601231433632,0.00019881020505,0.003740105445227,0.612864907091577,5.75680747711138,3.78478868568861,1,2,13,FALSE,red,0,,FALSE
9606.ENSP00000359866,BMP5,653,bone morphogenetic protein 5,1.96225487335644,7.16258944052154,7.83048813236069,7.22597053330367E-08,2.10793852556997E-05,8.27898736423226,6.35984881051209,8.32210368386853,1,2,80,FALSE,green,215.619796050169,,TRUE
9606.ENSP00000360025,GADD45A,1647,growth arrest and DNA damage inducible alpha,-1.37764931191939,7.98881171202684,-4.13276240369789,0.000420175828427,0.006037718056562,-0.1086662827328,8.55239552144841,7.17474620952903,1,2,40,FALSE,red,0,,FALSE
9606.ENSP00000360850,MRPS2,51116,mitochondrial ribosomal protein S2,-1.26870340291821,6.35831611517958,-4.71348131746128,0.000100287304291,0.002365449443826,1.27465700767073,6.87733114364612,5.60862774072791,1,7,0,TRUE,red,264,"7, MRPS2, 1",FALSE
9606.ENSP00000361072,TSPAN1,10103,tetraspanin 1,-2.03844180516923,6.18008231020073,-4.18907397267037,0.000365701079065,0.005517103174182,0.025011496812379,7.01399032140633,4.9755485162371,1,1,18,FALSE,red,128.108217799818,,FALSE
9606.ENSP00000361097,MMRN2,79812,multimerin 2,1.02645892368652,4.52488843987816,6.81071545387454,6.80859841807293E-07,9.25832298983729E-05,6.11671638951752,4.10497342564276,5.13143234932928,1,5,43,FALSE,green,13.6117468545178,,FALSE
9606.ENSP00000361761,WFDC2,10406,WAP four-disulfide core domain 2,-1.87164472348982,5.02414206800095,-4.15428783760165,0.000398458789363,0.005854368042987,-0.057588879414097,5.78981490942861,3.91817018593878,1,1,15,FALSE,red,0,,FALSE
9606.ENSP00000362108,LCN2,3934,lipocalin 2,-1.98904315905295,5.28596562480102,-3.95058352591997,0.000657962071913,0.008095464331464,-0.53964348693216,6.09966509895905,4.1106219399061,1,1,54,FALSE,red,131.859687731869,,FALSE
9606.ENSP00000363770,C1QC,714,complement C1q C chain,1.12510958060692,7.74756642288509,3.72505176448288,0.001143410581555,0.011866685303452,-1.06880853817221,7.28729432172772,8.41240390233464,1,1,49,FALSE,green,1320.09464186329,,FALSE
9606.ENSP00000363773,C1QA,712,complement C1q A chain,1.32623066191136,7.5859448783476,5.20802799730106,2.98395286397436E-05,0.001084679566125,2.44987766397559,7.04339597120205,8.36962663311341,1,1,45,FALSE,green,1260.85657466725,,FALSE
9606.ENSP00000363869,VSIG4,11326,V-set and immunoglobulin domain containing 4,1.02134542968015,8.36964605247419,3.30034673117823,0.003193342702156,0.023713276319641,-2.04489109636369,7.9518229221505,8.97316835183065,1,1,25,FALSE,green,360.345556418803,,FALSE
9606.ENSP00000364249,PLA2G5,5322,phospholipase A2 group V,1.36241975613779,5.13109877158542,7.6442322987522,1.07733155373722E-07,2.94970467706348E-05,7.89525501233245,4.5737452349836,5.93616499112139,1,2,36,FALSE,green,14.7911169278425,,FALSE
9606.ENSP00000364858,CARD16,114769,caspase recruitment domain family member 16,1.18486537411963,7.10777277999077,5.68121229746908,9.50683764757328E-06,0.000497627484169,3.5603371802593,6.62305512694183,7.80792050106145,1,1,53,FALSE,green,1083.49804988609,,FALSE
9606.ENSP00000365048,TNFSF13B,10673,TNF superfamily member 13b,1.36990669332877,5.80580701879152,6.0405455532351,4.04520901594288E-06,0.00028359854627,4.38982982950944,5.24539064424793,6.6152973375767,1,1,48,FALSE,green,176.481621884581,,FALSE
9606.ENSP00000365243,COX4I2,84701,cytochrome c oxidase subunit 4I2,1.44406122000101,6.509309192863,8.75044825104228,1.07554803551091E-08,7.51437198189189E-06,10.0994947882606,5.91855687558985,7.36261809559087,1,5,6,FALSE,green,25.8033365694949,,FALSE
9606.ENSP00000365261,LST1,7940,leukocyte specific transcript 1,1.04413032550062,6.1584137019515,5.46191280528512,1.61149272837328E-05,0.000716018731789,3.04792925214018,5.73126947788306,6.77539980338368,1,1,24,FALSE,green,0,,FALSE
9606.ENSP00000365596,GPR183,1880,G protein-coupled receptor 183,1.54313533689854,6.3272567329451,7.8186332290589,7.41098899504373E-08,2.11484574688142E-05,8.25471497662911,5.69597409512297,7.23910943202151,1,1,78,FALSE,green,594.631515637135,,FALSE
9606.ENSP00000365686,SLC15A1,6564,solute carrier family 15 member 1,-1.93304292730588,4.50783328709479,-4.46719113785836,0.000184083776196,0.003525256511822,0.687209926106661,5.29862357553811,3.36558064823223,1,6,1,FALSE,red,0,,FALSE
9606.ENSP00000366246,GPC6,10082,glypican 6,-1.83225941873256,5.02462685090906,-7.37292931614899,1.94358258107511E-07,4.22716632047931E-05,7.32725051384017,5.77418752220875,3.94192810347619,1,2,22,FALSE,red,339.818462969137,,FALSE
9606.ENSP00000367384,GPR34,2857,G protein-coupled receptor 34,1.54950992781943,7.29163070254682,3.26864207775971,0.003444389896441,0.024922229188563,-2.11634157965411,6.65774027752978,8.20725020534921,1,1,9,FALSE,green,128.43140439159,,FALSE
9606.ENSP00000367691,LPAR6,10161,lysophosphatidic acid receptor 6,1.19473657743665,7.3711976920918,5.49087498745579,1.50262826896981E-05,0.000682617743444,3.11584051102524,6.88244181950408,8.07717839694074,1,2,34,FALSE,green,324.348987441799,,FALSE
9606.ENSP00000367851,CYBB,1536,cytochrome b-245 beta chain,1.46563606580905,6.0559683161847,5.61879542115737,1.10426214549228E-05,0.000543045032277,3.4149337936719,5.45638992562645,6.92202599143551,1,1,74,FALSE,green,747.641652400736,,FALSE
9606.ENSP00000368314,NRCAM,4897,neuronal cell adhesion molecule,1.01999102820562,4.9025019999924,8.97592610015366,6.85897855725101E-09,6.25485744890793E-06,10.5267709724459,4.48523294299919,5.50522397120482,1,2,41,FALSE,green,237.51935842829,,FALSE
9606.ENSP00000369146,MT1M,4499,metallothionein 1M,-1.91684100506496,4.09085704647795,-4.17543907185355,0.000378208437996,0.005659439558526,-0.007372899414203,4.87501927582271,2.95817827075774,1,3,14,FALSE,red,279.758327746579,,FALSE
9606.ENSP00000369442,KL,9365,klotho,1.57466646711049,5.41405341821905,5.49518982844394,1.48706064952049E-05,0.000678588644593,3.12595211227021,4.76987168167385,6.34453814878434,1,6,57,FALSE,green,0,,TRUE
9606.ENSP00000369586,HBE1,3046,hemoglobin subunit epsilon 1,-2.08954913801352,9.2282965788585,-2.87197880376158,0.00873512729347,0.046746543606178,-2.98794918322921,10.0831121353186,7.99356299730506,1,2,12,FALSE,red,25.3963935037931,,FALSE
9606.ENSP00000369699,CLTRN,57393,"collectrin, amino acid transport regulator",-1.07410727255819,3.67919320742556,-3.53387984952164,0.001820355423056,0.016316609805877,-1.51210218406888,4.11860072801755,3.04449345545936,1,6,14,FALSE,red,48.2,,FALSE
9606.ENSP00000369889,COL2A1,1280,collagen type II alpha 1 chain,-1.39480674631289,4.06038239918894,-3.30310947223981,0.003172328527911,0.023682589647758,-2.03865408168727,4.63098515904422,3.23617841273132,1,2,37,FALSE,red,66.5999897647224,,FALSE
9606.ENSP00000370034,TLR7,51284,toll like receptor 7,1.140529876867,4.61542784425532,5.69512757845453,9.19515404873132E-06,0.000489507713201,3.5927036016871,4.14884744008245,5.28937731694946,1,1,57,FALSE,green,1232.55578323853,,FALSE
9606.ENSP00000370517,PFKP,5214,"phosphofructokinase, platelet",-1.3374769214739,7.64182586313308,-6.0450646811392,4.00232045863031E-06,0.000282547089938,4.40017368312196,8.18897551282694,6.85149859135305,1,1,8,FALSE,red,8.33749682311354,,FALSE
9606.ENSP00000370842,IL33,90865,interleukin 33,1.13411426877689,5.06207479464921,4.05440749665198,0.000509651290866,0.006821542375034,-0.294338799555698,4.5981189574223,5.73223322619919,1,1,84,FALSE,green,13.3941116220716,,FALSE
9606.ENSP00000371234,CYS1,192668,cystin 1,-1.87416592066867,4.22789162767485,-3.74994622042089,0.001075948209232,0.011418473241792,-1.01069327997948,4.9945958679484,3.12042994727972,1,2,0,FALSE,red,0,,FALSE
9606.ENSP00000371398,GLIS3,169792,GLIS family zinc finger 3,-1.1512931932543,4.41422296453471,-4.38300418686161,0.000226604094777,0.004045132655753,0.486511303025265,4.88520654359329,3.73391335033899,1,2,6,FALSE,red,95.4360611183427,,FALSE
9606.ENSP00000371420,GPNMB,10457,glycoprotein nmb,1.57331803802868,9.91333881735112,5.20795587263726,2.98447725489619E-05,0.001084679566125,2.44970713219568,9.26970871088484,10.8430267489135,1,1,72,FALSE,green,22.2500798385289,,FALSE
9606.ENSP00000371936,SEMA5A,9037,semaphorin 5A,-1.08561194881378,6.76246767165574,-5.79903987308471,7.1732146343741E-06,0.000420047692795,3.83380330662144,7.20658165071592,6.12096970190214,1,2,88,FALSE,red,9.26921278000288,,FALSE
9606.ENSP00000373477,GPX3,2878,glutathione peroxidase 3,-1.72810462026015,10.7796590527367,-4.51177410790753,0.000164903808362,0.003268047165795,0.793539602733394,11.4866109428431,9.758506322583,1,3,7,FALSE,red,114.531267126235,"3, GPX3, 26",FALSE
9606.ENSP00000375622,LAIR1,3903,leukocyte associated immunoglobulin like receptor 1,1.33593878490593,6.02854824430723,8.02125301317372,4.82317416161478E-08,1.79832201791915E-05,8.66672799707889,5.48202783230026,6.81796661720619,1,1,27,FALSE,green,9.9486773741897,,FALSE
9606.ENSP00000375778,LAMB3,3914,laminin subunit beta 3,-1.49291630937412,5.13700822350953,-3.0815856502913,0.005363558983352,0.03345784130594,-2.53288056462027,5.74774671370803,4.25483040433391,1,2,8,FALSE,red,814.847106603708,,FALSE
9606.ENSP00000376840,BPGM,669,bisphosphoglycerate mutase,1.1083758838974,8.41181141813622,3.00916585140751,0.006355037789365,0.037758068997871,-2.69161550351379,7.9583849201782,9.0667608040756,1,1,11,FALSE,green,72.0767849674148,,FALSE
9606.ENSP00000376911,LGMN,5641,legumain,1.04283334278133,9.39543046334839,7.50661633541479,1.45144086877531E-07,3.60719336596053E-05,7.60847560095926,8.96881682311967,10.011650165901,1,1,75,FALSE,green,8.31871165542507,,FALSE
9606.ENSP00000377003,TSPAN8,7103,tetraspanin 8,-3.12914197345525,4.8639414875699,-4.75881515556089,8.96959780044277E-05,0.002192195669901,1.3827347429665,6.14404502216523,3.01490304870998,1,1,21,FALSE,red,388.33877857706,"1, TSPAN8, 566",FALSE
9606.ENSP00000377796,METTL7B,196410,methyltransferase like 7B,1.32305238345312,5.95838879179277,7.5400336844604,1.34978332384916E-07,3.50614870827022E-05,7.67836788326902,5.41714008947104,6.74019247292415,1,1,0,FALSE,green,1.37810502648984,,FALSE
9606.ENSP00000377836,GPC3,2719,glypican 3,1.01745931401743,9.9110537015805,3.48226289150227,0.002062445781573,0.017728983445249,-1.63077108137606,9.4948203458461,10.5122796598635,1,2,50,FALSE,green,250.146248039224,,FALSE
9606.ENSP00000377995,MT1X,4501,metallothionein 1X,-1.46826292235968,6.4081568472913,-5.41563867074945,1.80230195052655E-05,0.000767701341735,2.939283364674,7.00880986098389,5.54054693862422,1,3,19,FALSE,red,1.90569301794792,,FALSE
9606.ENSP00000378053,DNASE1L3,1776,deoxyribonuclease 1 like 3,1.11183817837964,4.7523041289378,4.52071752152335,0.000161304439219,0.003216138831136,0.814871871454693,4.29746123778249,5.40929941616213,1,1,22,FALSE,green,0,,FALSE
9606.ENSP00000378118,CCL8,6355,C-C motif chemokine ligand 8,1.14107919225672,4.53220673289094,5.20108770179206,3.03484281632661E-05,0.001094109435971,2.43346651514496,4.06540160878592,5.20648080104264,1,1,108,FALSE,green,27.3055228725612,,TRUE
9606.ENSP00000378577,CLDN3,1365,claudin 3,-1.70871378968488,4.85495952904464,-5.22074208393415,2.89295546009307E-05,0.001067653380272,2.47993375726899,5.55397880664301,3.84526501695812,1,1,16,FALSE,red,148.153995552011,,FALSE
9606.ENSP00000378743,AK4,205,adenylate kinase 4,-1.1910386235325,4.85309918594649,-5.91995732454469,5.38048462909369E-06,0.000343892741546,4.11297754603511,5.34034225920979,4.14930363567729,1,7,8,FALSE,red,0,,FALSE
9606.ENSP00000379097,AREG,374,amphiregulin,1.57609597106439,8.36061243979679,3.72740560572117,0.001136857356239,0.011842605087278,-1.06331707780851,7.71584590617953,9.29194187724393,1,1,55,FALSE,green,19.910067178524,,FALSE
9606.ENSP00000379110,CXCL1,2919,C-X-C motif chemokine ligand 1,1.53466143325339,4.25085942427939,3.73085036701485,0.001127333613702,0.011773663065575,-1.05527919406345,3.62304338340301,5.15770481665639,1,1,96,FALSE,green,967.121054489972,,FALSE
9606.ENSP00000379138,AFP,174,alpha fetoprotein,-2.38069272599257,5.24610591330748,-3.51192819280957,0.001919707027907,0.016895471343241,-1.56262763329357,6.2200256648499,3.83933293885733,1,2,18,FALSE,red,1445.50167520039,,FALSE
9606.ENSP00000379140,CXCL12,6387,C-X-C motif chemokine ligand 12,-1.16768712317575,4.44473483552095,-4.69038009048065,0.000106159427976,0.00243589600252,1.21956973801616,4.92242502227466,3.75473789909891,1,2,126,FALSE,red,1745.59950009775,,FALSE
9606.ENSP00000379472,CCK,885,cholecystokinin,1.19300694756495,5.50415239290059,2.9481067303991,0.007325567892347,0.041571846171795,-2.82424021219789,5.01610409616947,6.20911104373443,1,2,57,FALSE,green,219.31472815959,,FALSE
9606.ENSP00000379865,ADHFE1,137872,alcohol dehydrogenase iron containing 1,1.02010127516663,7.2124706393854,3.97953294326821,0.000612763752064,0.007725704032709,-0.471336514526114,6.79515648136269,7.81525775652932,1,1,0,FALSE,green,736.306612967459,,FALSE
9606.ENSP00000379895,GATM,2628,glycine amidinotransferase,1.07945373405996,7.79282155473174,5.58443029801409,1.19935437015076E-05,0.000585545033581,3.33472559173944,7.35122684534357,8.43068057940353,1,1,4,FALSE,green,0.545226494673521,,FALSE
9606.ENSP00000380334,NCF4,4689,neutrophil cytosolic factor 4,1.03083199570579,5.99427560642793,6.30199349235243,2.19169486607904E-06,0.000185024707007,4.98435558476556,5.57257160818465,6.60340360389044,1,1,18,FALSE,green,954.819157879696,,FALSE
9606.ENSP00000381057,RNASE1,6035,"ribonuclease A family member 1, pancreatic",1.39776435016571,9.65727036032635,4.87672420654517,6.71219912556115E-05,0.001818126557259,1.66361173528717,9.0854576716222,10.4832220217879,1,1,0,FALSE,green,153.402537960358,,FALSE
9606.ENSP00000383376,JAM2,58494,junctional adhesion molecule 2,1.55642659149866,6.81754763837243,8.80135379725806,9.71114884222821E-09,7.28653501234158E-06,10.1966059007482,6.18082766912298,7.73725426062164,1,2,16,FALSE,green,0,,FALSE
9606.ENSP00000384053,CSF2RB,1439,colony stimulating factor 2 receptor beta common subunit,1.43729765690134,8.62598573488513,4.09459465101821,0.00046161839317,0.00638855892351,-0.199162283695114,8.03800032978912,9.47529798669046,1,4,25,FALSE,green,7648.66059440248,global CSF2RB 7648.66059440248,FALSE
9606.ENSP00000384886,IFI30,10437,IFI30 lysosomal thiol reductase,1.0339212564058,9.85756437607363,3.31570199035228,0.003078236822764,0.023259069665355,-2.01020427085764,9.43459658936217,10.468517845768,1,1,26,FALSE,green,48.1553023611011,,FALSE
9606.ENSP00000384917,SVEP1,79987,"sushi, von Willebrand factor type A, EGF and pentraxin domain containing 1",1.09071680940274,5.2392833741012,9.79753198638432,1.40668369354655E-09,3.16675759054964E-06,12.0220396203367,4.7930810429819,5.88379785238463,1,2,1,FALSE,green,100.429822725215,,FALSE
9606.ENSP00000385675,IL6,3569,interleukin 6,1.68614070782365,5.04227995727148,4.49496064470585,0.000171889930097,0.003364890699228,0.753437193371163,4.35249512225272,6.03863583007636,1,2,148,FALSE,green,1086.58153241267,,FALSE
9606.ENSP00000386104,CPE,1363,carboxypeptidase E,-1.49060263768075,3.92220275910453,-4.06990284717024,0.000490569026349,0.006649716461165,-0.257654377130168,4.53199474724665,3.04139210956591,1,2,20,FALSE,red,145.549166192706,,FALSE
9606.ENSP00000386741,CHN1,1123,chimerin 1,1.06825529610889,8.82168517000616,4.36053902532018,0.000239526100736,0.004172861846099,0.432982188096179,8.38467163977979,9.45292693588869,1,2,36,FALSE,green,160.318262244857,,FALSE
9606.ENSP00000386796,SCN7A,6332,sodium voltage-gated channel alpha subunit 7,1.314401991116,4.27147210000913,6.73446521228266,8.09594258861362E-07,0.000104361933518,5.94915972521861,3.73376219455259,5.04816418566859,1,2,8,FALSE,green,269.772620580203,,FALSE
9606.ENSP00000387356,ACAN,176,aggrecan,-1.04279774868376,5.20226359858027,-4.43186540900463,0.000200855770377,0.003761126398907,0.602977974574066,5.62886267758726,4.5860649289035,1,2,7,FALSE,red,172.192065430993,,FALSE
9606.ENSP00000391397,MT1G,4495,metallothionein 1G,-2.59768134562948,8.41833401599462,-6.02373777670301,4.20887831125602E-06,0.000290045200473,4.35133826455984,9.48102183920668,6.8833404935772,1,3,27,FALSE,red,1.90569301794792,,FALSE
9606.ENSP00000391490,AGR2,10551,"anterior gradient 2, protein disulphide isomerase family member",-1.81693477378517,5.8659938707045,-4.15682228602741,0.000395976462413,0.00584065663463,-0.051573101641518,6.60928536907116,4.79235059528599,1,1,36,FALSE,red,334.99730686945,,FALSE
9606.ENSP00000392770,MS4A6A,64231,membrane spanning 4-domains A6A,1.20958608249084,7.10156365079562,4.90710021296999,6.22977180270866E-05,0.001721983717526,1.73590450461776,6.60673298068574,7.81631906317657,1,1,0,FALSE,green,165.844838021374,,FALSE
9606.ENSP00000393128,LHFPL3,375612,LHFPL tetraspan subfamily member 3,-1.51330893946527,3.72856431475684,-3.67429508331642,0.001294126431146,0.012903688790082,-1.18703822094074,4.34764524453809,2.83433630507282,1,2,0,FALSE,red,0.649047570049486,,FALSE
9606.ENSP00000397925,ATP2C2,9914,ATPase secretory pathway Ca2+ transporting 2,-1.44075217358668,5.29319438526834,-4.82023113400769,7.71184564622376E-05,0.001977844362508,1.52908354939363,5.88259300173562,4.44184082814894,1,2,1,FALSE,red,491.463358707775,,FALSE
9606.ENSP00000399421,CD36,948,CD36 molecule,1.7206935070625,7.89872794582051,4.39029723392635,0.000222560870707,0.003994070683246,0.503891715337319,7.19480787474948,8.91550138181199,1,1,139,FALSE,green,546.613492606402,,FALSE
9606.ENSP00000401645,SERPINB2,5055,serpin family B member 2,1.77953906942732,8.66301136473674,3.43747465260581,0.002297817957914,0.019080364608731,-1.7333446986001,7.93501810906193,9.71455717848925,1,2,42,FALSE,green,459.818113783709,,FALSE
9606.ENSP00000406478,LILRB5,10990,leukocyte immunoglobulin like receptor B5,1.26673567414796,4.43130042780001,9.62784520255418,1.93773201515906E-09,3.92603883591376E-06,11.7210351826744,3.91309037928493,5.17982605343289,1,1,13,FALSE,green,0,,FALSE
9606.ENSP00000410269,TMEM176B,28959,transmembrane protein 176B,1.73055799922326,6.37490927512036,6.38890309828422,1.79088795431446E-06,0.000160460294916,5.18016204676765,5.66695372998358,7.39751172920684,1,1,18,FALSE,green,27.5152714384686,,FALSE
9606.ENSP00000411613,AOC1,26,amine oxidase copper containing 1,1.64837304525621,8.01867532925571,3.80199929454725,0.00094731914269,0.010442673095775,-0.888922374462481,7.34434090165089,8.99271394690711,1,1,40,FALSE,green,55.7922449015431,,TRUE
9606.ENSP00000411770,COLEC11,78989,collectin subfamily member 11,-1.08917793017685,6.71600313066049,-7.99621308941206,5.08460239771285E-08,1.80735314350983E-05,8.61613829268472,7.16157592027829,6.07239799010144,1,2,33,FALSE,red,0.921510547666246,,FALSE
9606.ENSP00000414350,MUC20,200958,"mucin 20, cell surface associated",-1.57879545397857,5.0514517854526,-3.55216669945043,0.001741451581204,0.015822219949224,-1.46994826519209,5.69732265298929,4.11852719901072,1,1,44,FALSE,red,0,,FALSE
9606.ENSP00000414657,OSR2,116039,odd-skipped related transciption factor 2,-1.25310443864386,6.33855538119172,-3.13667613339701,0.004710884969343,0.030859114246318,-2.41114447793919,6.85118901518238,5.59808457653853,1,2,20,FALSE,red,75.5993334039401,,FALSE
9606.ENSP00000416561,CFB,629,complement factor B,1.03827081405596,5.42461747887115,2.97141190862044,0.006939461901642,0.040057104726256,-2.77375450833899,4.99987032766644,6.0381411417224,1,1,37,FALSE,green,916.805357744761,,FALSE
9606.ENSP00000417626,TMEM176A,55365,transmembrane protein 176A,1.05761195432558,6.86511941826185,4.43562584571488,0.000198999955979,0.003740202326619,0.611943486346911,6.43245998240139,7.49007193672696,1,1,12,FALSE,green,14.6642996436773,,FALSE
9606.ENSP00000417898,PAEP,5047,progestagen associated endometrial protein,-4.42746813899679,8.93928880722616,-5.60963594176896,1.12883252355821E-05,0.000553783916702,3.39356601426659,10.7505257731794,6.3230576341826,1,3,19,TRUE,red,26.948731875683,,TRUE
9606.ENSP00000418070,NECTIN3,25945,nectin cell adhesion molecule 3,1.47835720229222,6.24915640959156,4.10659436211925,0.00044816883532,0.006288330174804,-0.170721168546533,5.64437391774474,7.12273112003696,1,2,11,FALSE,green,0,,FALSE
9606.ENSP00000419422,AGTR1,185,angiotensin II receptor type 1,1.30804742579285,8.66323529482296,3.63101089374857,0.001437972227397,0.013880810001877,-1.28757029643234,8.12812498427134,9.43617241006419,1,2,94,FALSE,green,37.6830988190527,,FALSE
9606.ENSP00000420298,CD200,4345,CD200 molecule,1.13212628405016,6.50719730568629,4.56249486531818,0.000145506483083,0.003009801121977,0.914527478289038,6.0440547349385,7.17618101898866,1,2,13,FALSE,green,0,,FALSE
9606.ENSP00000427279,CXCL2,2920,C-X-C motif chemokine ligand 2,1.37010456393623,3.81610622238415,3.72830518802017,0.00113436265616,0.011834872181497,-1.06121817668165,3.25560890077388,4.62571346471011,1,1,71,FALSE,green,507.106862325055,,FALSE
9606.ENSP00000430620,HEPH,9843,hephaestin,-1.6478369746004,4.04670399317284,-3.75216014276303,0.001070142192476,0.011375735027158,-1.00552104068254,4.72081911914574,3.07298214454533,1,2,11,FALSE,red,13.2498391145839,,FALSE
9606.ENSP00000436607,ADM,133,adrenomedullin,1.25642719062119,10.0246349465648,3.40416647788178,0.002489674990797,0.020145089851655,-1.80937594398738,9.51064200494702,10.7670691955682,1,2,112,FALSE,green,20.1342323084115,,TRUE
9606.ENSP00000444628,GLB1L2,89944,galactosidase beta 1 like 2,-1.00090944894287,5.46136446894305,-2.93300120728882,0.007586719493948,0.04252818704192,-2.85687226438206,5.87082742532877,4.8699179763859,1,1,0,FALSE,red,0,,FALSE
9606.ENSP00000444986,HCK,3055,"HCK proto-oncogene, Src family tyrosine kinase",1.22903570642088,5.88709580228268,7.06166764771365,3.87095333433078E-07,6.40116420176393E-05,6.66254452202292,5.38430846783778,6.61334417425866,1,1,80,FALSE,green,3052.91544687049,,FALSE
9606.ENSP00000445122,HSD3B2,3284,"hydroxy-delta-5-steroid dehydrogenase, 3 beta- and steroid delta-isomerase 2",2.0619921265976,5.23425454976402,9.42250716262442,2.86872457944513E-09,4.93618687516776E-06,11.3513938495119,4.39071231615591,6.45270444275351,1,1,6,FALSE,green,54.8300222847337,,FALSE
9606.ENSP00000450482,BDKRB2,624,bradykinin receptor B2,-1.31152802012311,5.24794969432968,-4.29514432838829,0.000281487115089,0.004644308174931,0.277249610613073,5.78448388438004,4.47295586425693,1,2,55,FALSE,red,587.743489668868,,FALSE
9606.ENSP00000450962,EMX2,2018,empty spiracles homeobox 2,-1.88807074523025,4.04725105324353,-4.42903830553312,0.000202262373972,0.003783968567902,0.596237859895719,4.81964363083772,2.93157288560747,1,1,15,FALSE,red,26.9765700447449,,FALSE
9606.ENSP00000452245,RNASE4,6038,ribonuclease A family member 4,-1.04855004469491,5.13226662349354,-3.03453691915013,0.005989157987173,0.036298632957857,-2.63617794625267,5.56121891450509,4.51266886981018,1,1,0,FALSE,red,0,,FALSE
9606.ENSP00000455897,MRC1,4360,mannose receptor C-type 1,1.17001214860838,8.14445252636048,3.454565717009,0.002205056143004,0.018553422970687,-1.69424766392125,7.66581119283887,8.83582334144725,1,1,35,FALSE,green,4.17703806489026,,FALSE
9606.ENSP00000457421,PECAM1,5175,platelet and endothelial cell adhesion molecule 1,1.46312825434276,8.16885445784087,8.72140240538823,1.14026625580431E-08,7.7009782029504E-06,10.0439155088043,7.5703019901552,9.03343024449796,1,1,50,FALSE,green,103.860816918359,,FALSE
9606.ENSP00000462435,TPPP3,51673,tubulin polymerization promoting protein family member 3,1.22385261484255,5.96292301019155,10.4427484303945,4.29631394844756E-10,2.98408099489052E-06,13.1305128661701,5.46225603139233,6.68610864623487,1,1,0,FALSE,green,0,,FALSE
9606.ENSP00000465638,TMEM100,55273,transmembrane protein 100,2.14820809786968,5.90121953884788,6.71906792074599,8.38481415271784E-07,0.00010456279896,5.91522968039645,5.02240713517392,7.1706152330436,1,2,44,FALSE,green,0,,FALSE
9606.ENSP00000466799,HSD17B1,3292,hydroxysteroid 17-beta dehydrogenase 1,1.38102223666045,9.32075081175648,3.41547729675728,0.002422833480178,0.019735656956052,-1.78358179602538,8.75578716948629,10.1368094061467,1,2,6,FALSE,green,15.3677095866949,,FALSE
9606.ENSP00000471493,FPR1,2357,formyl peptide receptor 1,1.43475653677051,6.66641031189482,6.20840102535115,2.7268951090757E-06,0.000216665183549,4.77245821367643,6.07946445594324,7.51422099271376,1,1,93,FALSE,green,463.087104462451,,FALSE
9606.ENSP00000475344,APLNR,187,apelin receptor,1.23248960426409,7.45248946704488,5.16212134303711,3.33731965586953E-05,0.001159818757248,2.34127105419034,6.94828917439139,8.18077877865548,1,2,71,FALSE,green,1918.70958550821,,FALSE
9606.ENSP00000477037,RNASE4,6038,ribonuclease A family member 4,-1.04855004469491,5.13226662349354,-3.03453691915013,0.005989157987173,0.036298632957857,-2.63617794625267,5.56121891450509,4.51266886981018,1,1,0,FALSE,red,0,,FALSE
9606.ENSP00000477949,TMPRSS4,56649,transmembrane serine protease 4,-1.2532233960936,4.70888776624708,-4.75572578237966,9.038060480173E-05,0.0022036118338,1.37537078000652,5.22157006464901,3.96834666855541,1,2,5,FALSE,red,292.0223897583,,FALSE
9606.ENSP00000479580,GIMAP6,474344,"GTPase, IMAP family member 6",1.02919844307895,6.09413695840278,3.68185140582305,0.0012705087172,0.012743454019398,-1.16945979524307,5.67310123168866,6.70229967476761,1,1,0,FALSE,green,179.613469676316,,FALSE
9606.ENSP00000479870,ALOX5AP,241,arachidonate 5-lipoxygenase activating protein,1.04536017875049,6.92705735626625,2.83063021347238,0.009605539631624,0.049825355472694,-3.07606220933686,6.49941001041378,7.54477018916427,1,1,10,FALSE,green,15.9123470597451,,FALSE
9606.ENSP00000480291,HNF1B,6928,HNF1 homeobox B,-1.00600851417166,6.31284664404308,-5.33772144152442,2.17687897296417E-05,0.000867162179968,2.7559681612355,6.72439558165876,5.7183870674871,1,1,50,FALSE,red,101.018907918337,,FALSE
9606.ENSP00000480483,NRN1,51299,neuritin 1,1.33550722178557,5.22099654864504,4.97263915268462,5.30458420033964E-05,0.001537286806221,1.89176600377881,4.67465268518731,6.01015990697287,1,2,4,FALSE,green,9.45048413077589,,FALSE
9606.ENSP00000483110,TAC3,6866,tachykinin precursor 3,1.22323109700249,7.34849065866297,3.59333953488398,0.001575872279586,0.014761011517407,-1.3748340252345,6.84807793716195,8.07130903416444,1,2,16,FALSE,green,0,,TRUE
9606.ENSP00000484146,SEMA3B,7869,semaphorin 3B,1.37082670818987,6.96261384949656,4.01256203068606,0.000564946909908,0.007304651781518,-0.393314370052162,6.40182110523707,7.77264781342694,1,2,24,FALSE,green,0,,TRUE
9606.ENSP00000484824,MUC1,4582,"mucin 1, cell surface associated",-1.06153701478868,4.97983919292241,-3.78537823184317,0.000986648950658,0.010718763747606,-0.927841363028702,5.41410433533596,4.35256732054728,1,1,49,FALSE,red,313.001991962607,,FALSE
