gene	logFC	AveExpr	t	P.Value	adj.P.Val	B
10019	1.14386948727287	8.41309559945266	7.41551306346214	3.42213354139882e-10	2.89823300068902e-08	13.0388729791203
1013	1.00325642310671	5.43187595606323	5.83601832260892	1.91857365957684e-07	5.09613861000629e-06	6.88497298594701
10161	1.2326546539055	8.00782053233554	7.55552033830645	1.93784604401311e-10	1.85641415287398e-08	13.5930428963369
10166	-1.2201706176326	9.10274953894679	-6.21314288806859	4.33434996396224e-08	1.5634874324737e-06	8.32801700829887
10194	1.07302867499542	8.69598146924424	5.71501007202739	3.07721413393185e-07	7.19288546426123e-06	6.42735199627824
10202	1.74269711199261	7.19516989681058	3.78275269302255	0.00034332627852404	0.00210965754952855	-0.296709519488092
10231	-1.05725463035542	7.22094636403807	-5.67935266888511	3.53505641762001e-07	8.12229017788944e-06	6.29306926745421
10252	1.05869563294824	8.96932109855552	7.32375457859577	4.96656064524778e-10	3.99398048953389e-08	12.6759745101344
10272	-1.54563267542109	12.0841618491306	-5.74922443388262	2.69314917797826e-07	6.49430512230219e-06	6.55644624592384
10319	1.17422288816699	10.3160202875476	5.44488567030262	8.74525554698406e-07	1.69406712700749e-05	5.41702919332007
10365	1.02642493298285	9.99434861837981	6.05966704188309	7.96078540926084e-08	2.52369853543855e-06	7.73791335735904
10381	-1.24816628622338	8.94095024980374	-5.80939478047197	2.1292057355374e-07	5.41757703188768e-06	6.78404315684541
10404	1.13405298166019	8.36334381611428	5.43401854572862	9.11765906248523e-07	1.74690361775332e-05	5.3767355154994
10468	1.01701232057592	7.81516088642309	5.77042899057323	2.47931486616004e-07	6.0680609057655e-06	6.63657172490235
10516	1.08642748279194	8.26441430836617	4.63503976246996	1.80126409526817e-05	0.000192901410226917	2.50556131124715
10544	-1.26416507422002	11.2025233101404	-7.213422579315	7.76972229266436e-10	5.92221745707386e-08	12.240029869367
10561	1.34813272756364	6.91711126104307	6.49973638398196	1.38180044763451e-08	6.16395512658542e-07	9.43874740454741
10628	1.14142148281502	11.2831032560158	4.33047920942662	5.33436772414404e-05	0.000462954458277075	1.46820821856385
10630	1.78945578539829	9.54131062883375	6.87993003356782	2.99502677822382e-09	1.81054532582903e-07	10.9261708208189
10631	1.46195222736685	8.85695114492441	4.7647410206487	1.1236651939697e-05	0.000131942227163314	2.9579062003133
10673	1.48259256677561	7.70090664252225	9.75367149724901	2.73515796300142e-14	1.26184353287836e-11	22.2322976478978
10761	1.72615666787903	9.78260135441256	6.87161939856394	3.09719342940215e-09	1.85518619678962e-07	10.8935219892781
10788	1.10664544688828	8.52775941882693	4.15191418797548	9.92226480120578e-05	0.000770029304032321	0.877684800528244
10791	1.06427805759711	10.1912875937037	7.67463443253053	1.19425901431079e-10	1.23884939525932e-08	14.0648054797367
10800	1.10257378974007	6.46293670910891	5.2292567102601	1.99039980148507e-06	3.26414395882458e-05	4.6230929536786
10870	1.94782046948959	8.71614372257546	4.5616883594996	2.34650118261136e-05	0.000237783307701502	2.25244252447796
10886	1.45438244059135	8.16895932375325	3.13300021737682	0.0026080610731202	0.0107227764242191	-2.18783771164906
10894	2.06115220296852	10.2492371482839	3.9042008822342	0.000229716763450863	0.00152198207863079	0.0823576360713787
109	1.18189960817602	10.0492772066898	6.94862751214506	2.26938046715122e-09	1.44670941707738e-07	11.1962465640075
10990	1.88453341093376	7.17182581448753	5.22747677890681	2.00386575630511e-06	3.2770308371068e-05	4.6165901754173
11096	1.37042180769959	7.34289296497852	4.67321019484942	1.56858734894162e-05	0.000172406926735395	2.63806123221286
11098	1.34232872886356	7.65023226176764	9.03335740611023	4.8624614799573e-13	1.2722957045542e-10	19.4295418713135
11099	-1.11186922683706	8.92864933697194	-6.47600222624994	1.51953933951055e-08	6.69322717612046e-07	9.34637560466751
11185	1.53627916377954	7.11412354127565	5.17856245806484	2.41105498368506e-06	3.81664595920678e-05	4.43822907911762
1123	1.16010053514458	9.7672334992736	5.41594483366797	9.7719089691877e-07	1.83024931772254e-05	5.30978472592801
11280	1.65140567035569	5.87517339453441	6.75659949484298	4.92457792221887e-09	2.69789923607559e-07	10.4422211231323
11309	1.63319604063481	8.70846891843246	5.1706521491907	2.48413200897464e-06	3.9057684528551e-05	4.40944755962806
11326	1.62030975973184	7.4583619209818	4.55100889694077	2.43823383992095e-05	0.000244674742115937	2.21575815338092
114336	-2.86951131061727	9.52913831822416	-8.99458242002881	5.68322142155002e-13	1.46492301857291e-10	19.2775618280219
114902	1.02715423510778	7.51144288689675	5.69287837588241	3.35396575950606e-07	7.7981928023741e-06	6.34397476382477
115677	1.08029647393906	7.45799923750568	6.43377799147637	1.79913750334462e-08	7.65550475027535e-07	9.18220326843712
116159	1.2192233294434	7.00811545962776	10.7409270625527	5.70681883278019e-16	5.85880394970315e-13	25.9944630611874
116238	-1.28846173379625	8.58151229954813	-6.89438564586524	2.82525005506339e-09	1.72576511203193e-07	10.9829728845241
116362	1.03940603522017	6.98223771606882	3.92379498406298	0.000215163745449081	0.0014402579692508	0.144203743629685
116535	1.00602672659718	6.07482285624823	5.86118890028489	1.73843966578474e-07	4.72505205904997e-06	6.98051853996024
116835	1.1460295785083	6.42679566112557	7.23166281566307	7.21586579126854e-10	5.52407612169122e-08	12.3120656782149
117247	1.70638953099324	8.83374270785052	6.0551769191253	8.10324110544947e-08	2.56422237941579e-06	7.72070467864935
1178	-1.00552704055925	6.92888233965812	-4.03557579310353	0.00014765074576801	0.00106302473267309	0.500571802214405
118429	1.04934749174457	9.92245274423766	5.85849116140784	1.75691644835311e-07	4.75316392840714e-06	6.97027243374163
118611	-1.37165939916296	6.83171684208213	-4.79571452573958	1.00312314314167e-05	0.00012053291173692	3.06679994466687
1236	-2.64187148393457	10.7407154488868	-8.88115766966353	8.97370024705812e-13	2.05623587753012e-10	18.8324402974665
1240	1.5414867561327	6.94149404646161	6.33748502954397	2.64258345901464e-08	1.05050182811759e-06	8.80861886005645
127281	1.06221498965605	5.91021955485026	10.4320389874917	1.89515290458143e-15	1.48583732224441e-12	24.8285637382192
127435	1.20385210687966	7.10823788469676	4.60690822424645	1.99395058591965e-05	0.000209281391074549	2.40824968241589
127495	1.270233997198	6.16223129919355	5.16302578950556	2.55664356784799e-06	3.98759060390953e-05	4.38171587878556
127845	-1.17361394209883	9.69279236678614	-5.61550242585746	4.52896858992731e-07	9.83858096034891e-06	6.05328689727506
130367	-1.28019469864879	8.7782418779454	-7.20875238244255	7.91822400439569e-10	5.9833786647009e-08	12.2215883617779
130574	1.09617871236408	6.5604798328873	6.30473576362298	3.01097897204976e-08	1.16267560262124e-06	8.68183340455409
130733	1.42804788584284	6.1162377733033	7.46407889833819	2.80959760586264e-10	2.50025663088213e-08	13.231050257409
132625	-1.31324207277846	9.2831466381975	-5.61970081183658	4.45589175692931e-07	9.7401793504648e-06	6.06902643682178
132720	1.3843170226751	7.75400734935616	8.81440155295276	1.17456680147417e-12	2.57391632458047e-10	18.5701009133212
1365	-1.50471358927089	7.4991292807143	-6.69177371593389	6.39274729505936e-09	3.24844211100538e-07	10.1883626218567
1392	-1.72218652746274	11.0033078771185	-3.62766129891165	0.00056788854209156	0.00317278204964634	-0.769715705464607
1396	1.32434418968479	8.24996200099775	4.28764254103319	6.19768337678741e-05	0.000520860916962896	1.32529591701781
139728	-1.49161147360359	9.1835258765417	-4.56681381146224	2.30367736342489e-05	0.00023412039338088	2.27006396944598
139818	1.00922690226919	9.39937152055063	4.4449892199876	3.56024388813418e-05	0.000335202124612677	1.8539578271454
140706	1.07326393028601	6.22675079735996	8.80389768416749	1.22541248462713e-12	2.59804329664224e-10	18.5287992759073
140862	1.37635202246781	9.06298237889753	4.02297588944211	0.000154093751097284	0.00110082214771251	0.460104660007421
145173	1.27213973297647	5.64173507708277	10.7935696489975	4.65588638117862e-16	5.10139650927765e-13	26.1920742018288
1520	1.11607464483859	5.09045592632875	6.93095044720648	2.43738828909602e-09	1.53153598910904e-07	11.1267191752377
1524	1.08197753403847	5.95754653066939	4.91894035970563	6.36852112971594e-06	8.2762449166086e-05	3.50320652204873
1536	1.71174038569691	7.13166384065894	5.33086892691361	1.35274685703901e-06	2.40517293618163e-05	4.99573103863633
157869	1.16885369297917	8.10693282367972	3.93267312972749	0.000208865254684933	0.0014061508371281	0.172288235142564
1591	1.4918028284266	5.70250181731327	6.08561415067004	7.18486223614665e-08	2.35876067157092e-06	7.83742109514465
1592	-1.45572193813	8.11607514530232	-3.66998446752673	0.000495578291276315	0.00284851902438199	-0.64190190343042
160364	-1.14610365613242	7.08651056127998	-2.68629727058045	0.00918939787168318	0.0295866545617039	-3.33588297108292
163071	-1.12973169283634	7.55575194812523	-6.57101565133592	1.03840175345256e-08	4.86743880742698e-07	9.71653838829747
163732	1.27444350716093	5.82918022585685	4.6891400498193	1.48039976680634e-05	0.000164754456329976	2.69351350263593
165	1.11581055456416	8.14086193739175	5.91131232372773	1.42808746612973e-07	4.04230319323217e-06	7.17113375706601
1667	1.57198146062294	5.17754139167107	8.31974679164868	8.69053275486782e-12	1.3482630949167e-09	16.6192885300652
1675	1.38371364127526	10.2842928931151	4.2151333571089	7.97637315059316e-05	0.000642618555620628	1.08517155270544
168537	1.21121713300558	7.06356483771111	5.90464328137729	1.4659815939457e-07	4.12522043715283e-06	7.14574543708669
170575	1.64788063513594	5.77842952936865	10.1290291558687	6.21044262070382e-15	3.75431964081237e-12	23.6746742741753
170692	1.54561862208561	6.56943163775924	7.20511887545003	8.03571691871861e-10	6.02899656115882e-08	12.207241189071
1734	-1.62307743395384	10.5572840048133	-6.2152054445637	4.29898794085239e-08	1.55713961965048e-06	8.33597149998819
1776	1.1498647895418	5.73986981612562	5.64387133320552	4.05726460182442e-07	9.03785333349225e-06	6.15971504773708
1794	1.03701570013355	7.60956892739968	4.25261605951001	7.00280414549676e-05	0.000575286595476587	1.20901814315932
18	1.03718494962991	6.13997156777568	4.0193669928673	0.000155988515410588	0.00111254461499716	0.448527713754297
1809	1.1987960806314	8.37456074961584	5.15484827151599	2.63670517258427e-06	4.08687500323696e-05	4.35199830957426
1827	1.05362024413851	8.82844366743989	5.82280427804569	2.02040603683975e-07	5.22415018168697e-06	6.83486156654802
185	1.24052240219281	10.4988171428696	5.5827407507783	5.14132972173069e-07	1.09517194837984e-05	5.93059828698236
187	1.09625737906096	9.69539223305551	8.43687730770955	5.40550181803394e-12	9.07813543601512e-10	17.0821625993209
1879	1.58309741469017	7.1113976074619	5.82869183892585	1.97439055972689e-07	5.17466893679778e-06	6.85718475646753
1880	1.13823782076018	8.52688777703631	7.76237874249437	8.36014234789328e-11	9.04701577166154e-09	14.4124191703924
1902	1.04036539128761	8.88702026505147	5.51514739373876	6.67433815367983e-07	1.37011501372554e-05	5.67823174299036
1906	1.11810278455819	5.49509366571454	7.54046740916113	2.06006285432175e-10	1.9108445449267e-08	13.533440246617
1948	1.13743418087603	8.50620976610662	9.22023055159643	2.29611447500292e-13	7.45429312245855e-11	20.160557529831
1958	1.08144086554978	8.10510874359513	6.13157644384439	5.98994594418538e-08	2.04299109625513e-06	8.01394953299229
196410	1.56178071342027	6.32444384981382	6.86271280276229	3.21054206744272e-09	1.91442221035164e-07	10.8585377052663
196883	1.14755614233118	6.72544897394267	6.1885441908658	4.77899037528026e-08	1.6994012224957e-06	8.23319689137
199	1.52677764197046	9.11499844590113	4.7880263217817	1.03180857976805e-05	0.000123640712316567	3.03973988843362
2	1.70807827297531	9.5897641970973	4.73232916451138	1.26493814628579e-05	0.000145604928710021	2.84430974451621
2012	1.43043127629862	8.58111001448609	6.8259359684895	3.72400069457388e-09	2.14754790054522e-07	10.7141468461965
203100	-1.58217616280175	12.3020961367329	-5.90201744969749	1.48117329021355e-07	4.14154741766133e-06	7.1357513925658
2042	1.45068858108122	7.5537619112706	6.23726924050508	3.93815670154339e-08	1.46270815963468e-06	8.42110130557523
2123	1.18509137162761	7.10335143922808	5.38929619996633	1.08217265982263e-06	1.98863405653569e-05	5.21121670417804
213	2.27516064189638	8.32206651741848	3.40761579224633	0.00113660921293334	0.00550287106101472	-1.41826935317864
2152	1.14392708428624	9.47825387812282	5.04517285937644	3.98043288570722e-06	5.6824893256786e-05	3.95530082653489
216	3.00873088533301	6.87597698033262	6.68369145588558	6.60397305747305e-09	3.31731380144871e-07	10.1567393138266
2162	2.50539231483265	9.40919312533602	3.6226803419929	0.000577031878865627	0.00321243120622207	-0.7846943049354
220323	-1.1758987810379	9.77070534987624	-6.53233953944144	1.21260102937165e-08	5.5504200119881e-07	9.56574017587802
2207	1.89665767708412	7.98121908063923	4.31383402985207	5.65500436150095e-05	0.000484308165419996	1.41258469605184
2209	1.4264316244953	6.4411423216682	5.09732955824685	3.27371370250751e-06	4.90106532183255e-05	4.14351354080851
2212	1.65355959306106	7.98422686098002	4.99114767479858	4.86992464038668e-06	6.64911595565568e-05	3.7612082712021
2213	2.35613539948277	8.515492515757	9.98409860019454	1.09914604639197e-14	6.02160291853053e-12	23.1193908401064
221303	2.21556355087128	9.42171512470792	7.8796305982012	5.19089737897468e-11	6.06677479672034e-09	14.8769650656899
221472	1.31688837915657	7.7128146076695	4.01945792954079	0.000155940496908665	0.00111254461499716	0.448819353292174
2217	1.51556344880968	9.729330091982	4.91904592124699	6.3660307030081e-06	8.2762449166086e-05	3.50358249652481
2258	1.73065283953702	6.66352864499299	5.68061695331055	3.51772822484543e-07	8.09308313776445e-06	6.29782591662853
2273	1.25069755855049	7.43732103187006	4.77334562713645	1.08882696423511e-05	0.000128713590762007	2.98812450470768
22885	1.2585720672526	5.32291759757542	8.96460162722172	6.41206061928668e-13	1.58323710868612e-10	19.1599841852538
22918	1.38175779887663	10.2738788232466	10.1504945738368	5.70789286435503e-15	3.573752493036e-12	23.7567348688871
2294	1.09441746063973	7.24340856258548	7.8718132253526	5.35846982740331e-11	6.22114798306009e-09	14.8459937756859
2295	1.3358402325351	5.51776547731569	9.14921772668208	3.05283340540322e-13	9.2274521431248e-11	19.8830573279858
2307	1.15690492278163	5.65395126830987	6.74517084555814	5.15652793189041e-09	2.79009540660404e-07	10.3974391419758
23108	1.04993330271258	7.82276411492361	5.98896007964874	1.05221042682422e-07	3.14139663061196e-06	7.46731179280338
2313	1.16879360479339	8.04800086806226	7.51176432360244	2.31485280063242e-10	2.11362939832745e-08	13.4198016943838
23166	1.25538053939306	6.7440651217457	5.21741048837403	2.08172353197252e-06	3.37289235111001e-05	4.57983044532108
23180	1.15619544737751	9.53474931829677	6.3415823035719	2.5997626703171e-08	1.04293911609449e-06	8.82449096666439
23223	-1.05070228269222	7.33075849676381	-6.55041423869707	1.12784527857519e-08	5.20322515228991e-07	9.63619343521638
23231	1.52106196825051	8.95010619816565	5.00852905063178	4.56435804774503e-06	6.29565388945854e-05	3.82355590740081
23493	1.0040479107735	5.57122993681532	5.38546260410541	1.09816141503845e-06	2.00749403201659e-05	5.19705153986624
2350	2.07522489258192	7.69223429771064	4.50577641657416	2.86699007301921e-05	0.000281260229267486	2.06086530689272
2357	1.42162772249285	6.91833650508639	5.2270915201097	2.00679217211143e-06	3.27738245964278e-05	4.61518278989972
23643	1.43966999176563	9.81001482181813	5.7439365459667	2.74925249599015e-07	6.6023486996169e-06	6.53647899213609
23753	-1.00675600807235	11.4840303189333	-5.62565299024183	4.35427886505173e-07	9.56577227859924e-06	6.09134744847036
241	1.78564327468545	9.22209907639474	5.43010763532513	9.25546831900816e-07	1.76799207713778e-05	5.36224147755451
249	-2.59751390338335	8.74339538392057	-5.59593653895947	4.88543264259709e-07	1.04830501416609e-05	5.97998640268158
2532	1.57529334134879	5.97594255030889	6.99563865038118	1.87663073192502e-09	1.24147974948595e-07	11.381253728956
255189	-1.11158163542262	6.41826706388244	-7.54217738792804	2.04580037079506e-10	1.9077088457664e-08	13.5402107562157
255231	1.56380772539478	5.95204127886338	6.81958745834801	3.82056758144597e-09	2.18464805642749e-07	10.6892325713968
256691	-1.59097143569835	9.31728738987981	-5.14198956326378	2.76760240478497e-06	4.25977504462558e-05	4.30530749039219
256949	1.2889849380568	6.5060637723007	9.86750096457886	1.74235728236069e-14	9.25614106577737e-12	22.6711503355417
257019	1.38389593878699	6.09207114245455	10.0471641570043	8.57161765989735e-15	5.00896763985535e-12	23.3612787134881
25890	1.86790160110878	7.0985648421316	5.90364935803819	1.47171369910637e-07	4.13360476318985e-06	7.14196236874468
25902	-1.19230590067163	8.82451111797	-6.1246585540805	6.15631663002542e-08	2.08352098148602e-06	7.98735876735335
25903	1.25833495857611	6.18694670352245	5.83232708170714	1.94649758781997e-07	5.11604935713221e-06	6.87097139695801
26	2.08325858455715	7.54669069875453	5.45896927871638	8.28484623349336e-07	1.62100043883228e-05	5.46929164849438
26018	1.1058277432031	6.11850515393489	4.00277566136461	0.000164991894426697	0.00116303695263145	0.395383673782851
26157	1.93455704670153	6.56706833091353	7.78400688118324	7.65658267585265e-11	8.44198433272785e-09	14.4981085053355
2621	1.64999832792025	8.29077212110236	6.53329008988013	1.20799003004086e-08	5.54378880016921e-07	9.56944443492315
26249	1.02359691939475	7.72455204367208	3.94066368603501	0.00020334826949196	0.00137747237730431	0.197597815848355
2628	1.18827610829706	8.1581416242382	6.25023299036752	3.74033216602774e-08	1.4011060513383e-06	8.47115221546396
26508	1.1928978596826	9.18212098807247	5.98861478393497	1.05364281489923e-07	3.14139663061196e-06	7.46599237924717
2675	1.59642120872141	8.02120813523381	7.8551850981672	5.73312511292914e-11	6.61233002333953e-09	14.7801147865224
2701	1.43191181965996	7.73427488808987	7.8162945203519	6.71490925565911e-11	7.54609449749742e-09	14.6260315787266
27076	-1.11800391525244	9.89645879920254	-6.3356144974489	2.6623645310626e-08	1.05358719173947e-06	8.80137348095553
27122	1.48495736155487	8.83857361225982	5.87360420926353	1.65585463664343e-07	4.53574806796811e-06	7.02768980662338
27123	1.33254482371332	6.43839001343874	5.17913091060429	2.4058855892774e-06	3.81429157951192e-05	4.44029806083364
27128	1.40117703321401	6.73282392851374	4.26332338025425	6.74650813551031e-05	0.000558946286028503	1.24450764982558
27306	1.73304291608693	6.5162825149522	6.15562422149098	5.44553959191913e-08	1.89416179733997e-06	8.1064406778377
2769	1.38401884663634	6.63696935990859	5.6718500487376	3.63963454895084e-07	8.26508203078462e-06	6.26484889706725
2791	1.10222507975	11.2917019512365	7.08786853391122	1.29215265372876e-09	8.88342281275253e-08	11.7446191697094
28231	-1.35319406212696	7.53251583914495	-4.32785663903663	5.38368988114779e-05	0.000466772835343234	1.45943663615014
283	-1.98714240744348	9.7382331413049	-7.92199547026705	4.36986629570456e-11	5.1777001123151e-09	15.0448028717716
283310	-1.02749421512919	8.29263249055451	-5.65471277524188	3.8901030697419e-07	8.72489090969786e-06	6.20043343109962
283316	1.35161430647185	6.49758367806449	5.4214155852809	9.5691403059691e-07	1.81059401503768e-05	5.33004168053622
284021	1.18877100501678	6.91736051040273	5.01586844709325	4.4410474282761e-06	6.16925534588814e-05	3.84991042770559
285195	1.66499194527273	6.62171961145362	5.52691566430968	6.37831627918449e-07	1.31550897282804e-05	5.72209457674936
2852	1.22765471672028	6.5744825517514	6.87200125766152	3.09242386866155e-09	1.85518619678962e-07	10.895022031425
285440	1.00169408703061	7.79881183082852	6.51533190350577	1.29812305844016e-08	5.85023016388545e-07	9.49947886829949
2857	2.0004135565261	8.26474299256468	4.64406816535943	1.74336432235749e-05	0.000187732923435192	2.53685357206105
286257	-1.09141407568639	9.03961648727241	-4.37108575671232	4.62436070015583e-05	0.000414180712896016	1.60438701505132
2888	1.66322890325225	6.61736531743896	8.02463580573248	2.87965847606284e-11	3.73950316621168e-09	15.4513710688018
28965	-1.286663426213	8.52780960176845	-7.79512367289766	7.3183182951305e-11	8.12009101467929e-09	14.5421529340327
28984	1.73065612080843	10.2600625366223	5.85258393714393	1.7980559178824e-07	4.84204582125904e-06	6.9478413511023
29124	-1.12319874708037	12.8312792045876	-7.50456478903202	2.3835545130777e-10	2.15392237983325e-08	13.3913006959165
2919	3.38500116843935	7.38179664677319	7.68464809110595	1.14662995882899e-10	1.1965220123947e-08	14.1044734208869
2982	1.31652967565611	8.28394714944637	5.18184678782003	2.38133780712153e-06	3.79520300878615e-05	4.45018421825261
2983	1.04798075568264	6.03787631987095	8.10787398921646	2.0535366455522e-11	2.77620198653077e-09	15.7809811694563
3043	1.8375193486119	11.7770171604479	2.92821776796624	0.00471447050787829	0.0173689966357062	-2.73081790656619
3046	-2.89818107022974	10.5737132558695	-3.11277890342034	0.0027680229180513	0.0112286399659233	-2.24266261506909
3055	1.35531619468413	6.96464400813569	6.56642249976105	1.05771194986215e-08	4.93466161933389e-07	9.6986213117881
3071	1.26190006501978	6.50587364137903	4.67081376662976	1.58228983413483e-05	0.00017358650239185	2.62972707617136
30818	1.44335392255345	6.53257073907853	6.68110349436133	6.67306468146183e-09	3.34049470405726e-07	10.1466147408651
3087	1.07883078600614	7.62105003429132	7.95167410687454	3.87337302358553e-11	4.74853863471874e-09	15.162373816204
3105	1.38293274022712	11.243306385179	5.16971344342794	2.49294705052438e-06	3.91245717870975e-05	4.4060332642407
3106	1.56588085479519	8.7067398616505	4.93121664158232	6.08519844976505e-06	8.01499729698206e-05	3.54695435455118
3109	1.34092176959382	8.09124751971198	4.17874319307301	9.04610578816599e-05	0.000714357119695216	0.965522066072626
3122	1.24142684938	8.76425112348372	2.72772609110364	0.00821772733132006	0.0271666939176639	-3.23516428117557
3134	1.62887786899551	7.88419918816541	6.11450463334052	6.40883919284928e-08	2.15236321628048e-06	7.948342870174
3142	1.0228564472835	6.88759005713025	7.19418246467857	8.39995507727803e-10	6.18737867477988e-08	12.1640616481763
3284	1.42456124971941	5.47481324660716	8.18224982499365	1.51826764202944e-11	2.21806250270151e-09	16.0753871667504
3290	2.04494406635432	6.30716447287827	7.50947264976535	2.33650376983582e-10	2.12234443466278e-08	13.4107294584221
3294	2.00892907885987	9.67618630623286	7.11268441208621	1.16862611135333e-09	8.18090449857385e-08	11.8424727624495
3310	1.99708770037474	7.39261369769144	6.56626686702707	1.05837246527268e-08	4.93466161933389e-07	9.69801425495635
335	1.75723862559637	5.93215685695226	4.89718588332334	6.90263633610512e-06	8.82514063733234e-05	3.4258008447982
3384	1.1755117685716	8.92063609938607	7.56636207351259	1.85433386350726e-10	1.78617181105197e-08	13.6359737459265
339479	-1.33009988315281	7.83532074477532	-11.3749453910071	5.02104263365513e-17	8.80238984106081e-14	28.3523584090929
340061	1.20630755067973	7.47609852431857	6.34749324396229	2.53919804770459e-08	1.02097892142911e-06	8.84739273530677
3426	1.14650841402066	6.47303233101702	10.9588361695949	2.46244092028725e-16	3.08350369811113e-13	26.810337565776
3428	1.21038159712636	8.52172070128099	6.46329175020684	1.59882636728679e-08	6.95509306325179e-07	9.29693390055856
343990	1.2690125075489	6.04774455462102	8.39490822407403	6.40766185952307e-12	1.04011777832684e-09	16.9163652208606
347	1.68427475756405	8.40484954356621	5.51230043165305	6.74796195700091e-07	1.38199206855354e-05	5.66762534145468
347733	1.01748269944762	8.41806201235861	4.9896582433662	4.89702260532577e-06	6.68091076217635e-05	3.75586995654125
3479	2.21764979149805	7.56112430361789	5.80621729578974	2.15582391912917e-07	5.45364345256184e-06	6.77200642540456
348	1.35041785775036	9.13433409600352	4.97457322746633	5.17993283333276e-06	6.97996944666846e-05	3.70184205412428
3488	1.08662759396553	10.5124195086405	4.39552818212647	4.24214215774718e-05	0.000386131849259947	1.68668422983322
3490	1.09944932634654	8.77319371592745	4.69059458303627	1.47259281229951e-05	0.000164224075015412	2.69858129544566
3569	1.38779373196325	6.03940104654086	9.83425513587819	1.98740070706021e-14	9.95460622727789e-12	22.5431020983468
3579	1.07110303358485	6.42799774635596	4.58540500433501	2.15463888077712e-05	0.000221932868501197	2.33406395371228
3595	1.01157409585574	5.19345935282438	11.5205585085855	2.89202007075364e-17	6.33750048254775e-14	28.886876396772
3620	2.88182327722268	5.82383294399012	10.727312931079	6.01554224486091e-16	5.85880394970315e-13	25.9433055305177
3623	-1.7742513815816	10.93479090361	-6.45655244767394	1.64251923538317e-08	7.09236569347349e-07	9.27072673874717
3667	1.15290787721341	7.2305820018896	6.26717547931675	3.4965835758063e-08	1.32109066093664e-06	8.53659987013164
3670	1.14541802127516	9.65858526355292	3.78294330590895	0.000343111617757117	0.00210907775978261	-0.296120430148976
3684	1.22330400060526	6.84461380426144	5.13369245068864	2.85542876143286e-06	4.38340819760766e-05	4.27520521460327
3689	1.56811655682428	10.4366616350796	4.77978766787309	1.06343741709079e-05	0.000126651639667246	3.01076479007535
375387	1.36663743571067	7.24197843148623	5.89923293998763	1.49745318643334e-07	4.1735853436189e-06	7.12515478051164
3759	1.22401348319252	6.83496093039079	6.89336479879667	2.83691846118981e-09	1.72687560913606e-07	10.9789610466154
3778	1.15917567420675	6.66789804651209	5.61238506939893	4.5839929770784e-07	9.90899887560561e-06	6.04160257841678
388115	1.36842771719922	6.32642482033104	6.75532262181331	4.94996860544019e-09	2.70336135893994e-07	10.4372172625956
388818	1.0067061213492	5.4794596440701	3.8453284626297	0.000279350568450839	0.00177954026726441	-0.102322952892073
389432	1.19325310712591	6.82515003574198	7.84207836239249	6.04681689375215e-11	6.92854555322672e-09	14.7281866188145
3899	1.23621455242119	5.53273317868098	7.6061281812782	1.57765107025967e-10	1.5625876221877e-08	13.793455532999
3904	-2.35169745245898	12.351060769814	-8.00376032882357	3.13454641326633e-11	4.01107541393956e-09	15.3686909439271
3908	1.07926475108248	8.93761690474857	5.41414790892087	9.83942912779981e-07	1.83824418440804e-05	5.30313272758193
393	1.27383157902009	7.01325994175285	6.91558979022231	2.5934074978625e-09	1.61223499450452e-07	11.0663204976929
3952	-2.49425593169551	12.8380762155501	-11.9096173672311	6.70579149810209e-18	2.35118461506456e-14	30.3016738548784
4015	-2.0044490560526	7.77140002084914	-5.28225555661539	1.62777155233774e-06	2.78948808250566e-05	4.81711113361987
4023	1.22363040723813	7.6452042693519	3.38268236948994	0.00122767293136053	0.00586279873595245	-1.49001342513844
4066	1.11652978439803	8.86173907363922	5.68147476454601	3.50601891079156e-07	8.07674343299432e-06	6.30105347278182
4069	1.3674989614167	7.66930328809435	3.52339042324706	0.000791359346824294	0.00413758446441297	-1.08043374072836
4072	-2.25988273772735	8.63633315033282	-5.36986447966774	1.16564936611806e-06	2.11323671534806e-05	5.13945442164167
4094	1.32778102881935	8.05917629817588	4.51625991178839	2.76152156739508e-05	0.000271673594826056	2.0966947357874
4109	2.19592061007599	8.21393325657133	4.71186961195992	1.36289122605403e-05	0.000154147394090021	2.7727923798527
4118	1.97917859617843	6.81078946826675	7.65920561825875	1.27154456978772e-10	1.31126163840873e-08	14.0036879392381
4137	1.30851983596438	5.1539165401401	11.6246253239438	1.95271838245685e-17	4.89044370897871e-14	29.2672300986743
414062	1.19992912806602	6.78253092813908	4.31569558910336	5.61823773062956e-05	0.000481865585399544	1.41879974248384
4147	1.30106879747893	9.74020182869933	4.92392124294096	6.25204422076826e-06	8.1733472956218e-05	3.52095062651897
4155	1.15255082432272	6.41434963186186	5.53700013400938	6.13497616520822e-07	1.26830503717294e-05	5.75970697635849
4223	1.34939755899401	8.0355023167998	7.25966874314554	6.44118229680362e-10	5.01868297090063e-08	12.4226971893919
4242	1.11992426028074	6.91991004949924	6.59470002769768	9.44256191069587e-09	4.49830306675025e-07	9.80896207340489
4254	1.17014465518203	7.00182079570697	9.14112134096506	3.15367643495888e-13	9.3706951832651e-11	19.8513956748914
4257	-1.73134875299087	7.87372865074502	-4.5275971365981	2.6517124525627e-05	0.000262342951500432	2.13548962606294
4313	-1.20458217318531	6.99562835605102	-3.77855202434257	0.000348089670563216	0.00212996859149868	-0.309686946774614
4321	-3.58475310956116	10.0210178321151	-7.09182461222382	1.27162191505637e-09	8.77669440663514e-08	11.7602164333626
4332	1.16623207358633	5.83704416658721	6.65839167174747	7.31109499434574e-09	3.59021866515056e-07	10.0577892708002
441168	1.21082464051452	7.21532024365528	5.11373028516846	3.07809507890026e-06	4.64389714528403e-05	4.20286283842845
4487	1.017024305071	9.02832687855093	5.07695348321184	3.53380224615746e-06	5.21035215957834e-05	4.06988843218422
4494	-1.77482247171002	10.2000976601839	-6.30276667116868	3.03468660739689e-08	1.16925474536868e-06	8.67421480736671
4495	-1.17178185915505	10.7553739128176	-3.33523435622943	0.0014203265342738	0.0065924661033503	-1.62553025031951
4496	-1.02692719788194	9.70140864048628	-2.72036188355349	0.00838326052738005	0.0275735347665102	-3.25315670290918
4501	-1.37523829773174	9.56537872153802	-5.22278254057465	2.03981062213144e-06	3.31417238337222e-05	4.5994444624291
4613	-1.18615782877565	11.4564783861869	-5.58756065487509	5.04636316589095e-07	1.07625051899312e-05	5.9486333390986
4629	2.1756897707271	6.10548285121654	7.75065832023599	8.76804779042352e-11	9.37272230572651e-09	14.3659842123909
4638	1.03577454024005	8.39651496391056	5.02455360195808	4.29934040292167e-06	6.00725941161089e-05	3.88111856909081
4681	1.10886480926881	7.61590784621087	4.63131380048503	1.82570158572788e-05	0.000195041892135256	2.49265588612658
4692	1.35650331990477	10.0751144349923	5.88990762343718	1.55327441959087e-07	4.30180945495223e-06	7.08967704690837
4774	1.04855654546973	5.79420491357396	5.07494457105134	3.56051676814611e-06	5.23213909994715e-05	4.06263623824536
4781	1.34884330049771	8.58392129048809	7.0331121638169	1.61270369553968e-09	1.09159492225893e-07	11.5288290248794
479	1.24861542376968	6.13526975389685	4.9805625898602	5.06573921727327e-06	6.86301964590554e-05	3.72328486354942
4826	1.46428476951149	10.2606663703978	7.79859069334295	7.21591192456228e-11	8.05746190761155e-09	14.5558892092181
4837	1.46848966481625	5.62073390760397	5.67740213025094	3.56195581869922e-07	8.15204274903604e-06	6.28573136634376
4897	1.98775959806726	7.73521234223492	4.81049906656973	9.50134358552596e-06	0.000115121137495748	3.11889323776598
4922	1.32754772251777	7.82438234388243	4.00493720025903	0.000163791189075379	0.00115599489470832	0.4022999621909
5028	1.0012178095101	8.12739236083156	6.72419500534573	5.61089168077948e-09	2.97173843068716e-07	10.3152774790769
5047	-2.42483097917235	9.19636869494179	-6.37562459731409	2.26961406969227e-08	9.27473292675414e-07	8.95644839504369
50509	1.17928424670451	6.12272195989155	8.12806631416928	1.8918652387853e-11	2.63224519850358e-09	15.8609210403773
5069	1.15491333425465	12.8561186059997	3.2946702230957	0.00160730727559801	0.00729047965032565	-1.74032223950628
51162	1.01978395518034	6.87275312454106	7.62516758401245	1.46018721353864e-10	1.46277383088834e-08	13.8688638322036
51166	-1.19285084523292	8.20044241426775	-5.18073978902301	2.39131370369242e-06	3.8076403759702e-05	4.4461543444796
51284	2.04594851283684	6.76437801556907	5.79653837102913	2.23894922597638e-07	5.62335514048594e-06	6.73535345783626
51285	1.1897101691283	7.91773366662899	5.03722153098904	4.10056577722745e-06	5.79221213613773e-05	3.92667897791246
51293	-1.09025502957598	11.0836652503042	-5.50124346644977	7.04157037631958e-07	1.43548319843287e-05	5.6264503758062
51303	-1.31903901924427	11.1839754877364	-7.47042413758388	2.73811536245251e-10	2.4490765519977e-08	13.2561632520949
51311	1.20999899910044	5.5520356105995	9.11220332582232	3.54196358489531e-13	1.01793710830819e-10	19.7382714414704
51338	2.83074388627051	7.65587966892276	5.72921134898144	2.91164060214967e-07	6.92591199406864e-06	6.48090592755394
5140	1.12705436911295	5.56337971633639	8.23232000398386	1.2390441785332e-11	1.88884204294483e-09	16.2735109448718
5159	1.09225065610718	10.0470077052213	6.1103748980444	6.51445596594508e-08	2.18365062216029e-06	7.93247917510445
5166	1.75627842943515	8.66386746757485	5.02792612174806	4.24551744628764e-06	5.93999731451466e-05	3.89324314040963
51673	1.67649262829921	7.61147259636739	5.66728932528976	3.70469261628351e-07	8.38025371046015e-06	6.24769999273862
5168	1.31667530503586	10.4874533096397	6.52369351716777	1.25535317281162e-08	5.70144986335766e-07	9.53205150788163
5175	1.61779729853971	9.41183904009548	10.4914319274784	1.50341643943555e-15	1.27202775501036e-12	25.0535753913032
51751	2.69446691722374	6.21564702081606	8.2161289985272	1.32319709765927e-11	1.96584477280209e-09	16.2094513094671
5214	-1.85193923549976	8.80505545157005	-5.55694599482015	5.68032641819678e-07	1.18691063691785e-05	5.83416834802204
5265	1.92642285626988	6.67429437256495	4.83947733166032	8.54092089871431e-06	0.000105221984733212	3.22121149435952
5284	-1.79668551231604	7.68920817934938	-9.43652640941842	9.66409950361382e-14	3.94003089297335e-11	21.0034359569838
5320	1.15852567497314	10.1664098168893	5.07809528484192	3.51870630321417e-06	5.19683573729129e-05	4.07401088029952
5321	1.06304621621363	5.21063447871306	7.89523748291078	4.8718675253841e-11	5.73212816023548e-09	14.9387964037195
5322	1.38477093153597	5.70953739568162	8.98742305884455	5.84933040329153e-13	1.46492301857291e-10	19.2494897308992
5325	1.3774871483376	9.89789708567296	5.12702335147167	2.92800062318922e-06	4.47728513476562e-05	4.25102377508306
5334	1.04527147683884	6.58872056216829	5.46582623377497	8.06941265217482e-07	1.59128091344518e-05	5.49475419907939
53346	1.39420653909298	5.79131997908507	6.58601022901381	9.77769497931105e-09	4.63277758600816e-07	9.77504503475104
5341	1.69742682751926	8.5463167428057	4.39018812547642	4.32293632601658e-05	0.000392263958237043	1.6686835674476
5360	1.20046733930521	10.8766568925546	5.91397525071406	1.41322867715596e-07	4.01544764006826e-06	7.18127347645332
5376	1.06953693910239	11.5394877504823	5.67261204343608	3.62887533212591e-07	8.2513376715304e-06	6.26771452364555
5396	1.12163865902736	5.77094232896051	5.30552327422421	1.48988639628864e-06	2.59376349685563e-05	4.90252637191764
5420	1.09059745840605	7.1532229974313	3.99214469131727	0.000171021630090549	0.00120071293436821	0.361399994549884
54210	-1.87590022655325	8.79953161243835	-4.90881121153331	6.61197904223758e-06	8.51061707705338e-05	3.46714654933673
54360	2.22514274536506	6.73560262332209	8.85835994561126	9.83747620288671e-13	2.21103583734368e-10	18.742878636417
5473	1.45250832397597	7.90364155229994	6.10723673615116	6.59586525869524e-08	2.19790219435175e-06	7.92042622852022
54749	1.08523765404272	7.00392444101506	5.30635621991866	1.48516948814379e-06	2.58812189827523e-05	4.9055867368474
54873	1.04588572884289	6.15859201257591	8.44903540981649	5.14568986879326e-12	8.75816398930239e-10	17.1301804592374
54997	1.044168557483	6.89354764800024	3.61488105311028	0.000591631022046079	0.00328328061015822	-0.808121028181967
55016	1.12585792836977	5.39317520057987	9.19624910671003	2.52786594147878e-13	7.9135746107258e-11	20.0668850411152
55117	1.00581801126079	6.57975048681163	4.92058762053054	6.32976711268234e-06	8.25304883260706e-05	3.50907391394781
55211	-1.35226110511559	7.85556783185196	-4.87403292695612	7.51923732944357e-06	9.50394734120225e-05	3.34358743663035
55273	2.40571664448927	7.64598895977278	10.614944024674	9.29950966368732e-16	8.58051073232118e-13	25.5202441384138
55283	1.18698130032951	6.31317002403254	6.27871259206055	3.33968840283662e-08	1.26453730864209e-06	8.58118968803196
55303	1.16143841348394	8.85099187832203	8.07779895090773	2.3203361821689e-11	3.07019525341703e-09	15.6619021358033
55365	2.19357976747522	6.12132662731729	9.6878243188475	3.55220693684417e-14	1.59676255922603e-11	21.9778851783463
55504	1.18537077923971	7.69624139229065	6.91162502252778	2.63526810443528e-09	1.62672130770616e-07	11.0507336172073
5552	1.8922008020065	9.2622279247205	5.2597340230093	1.77315720880821e-06	2.97194357752513e-05	4.73457195464694
55655	-1.57546227695215	10.2624076495211	-7.24945703164646	6.71353832209592e-10	5.18480353853143e-08	12.382354103961
55843	1.0918593774941	6.77762468806689	7.20235796570914	8.12615497752927e-10	6.06211161323683e-08	12.1963399384257
55861	1.066686639311	9.77135038428291	4.70389389376285	1.4030489044433e-05	0.000157874520820253	2.74495284090606
55924	1.16674155148638	6.79637341405005	5.62215403331204	4.41373105569139e-07	9.67213989216573e-06	6.07822522333482
56034	1.08844510423569	7.36561709981331	6.32702351194555	2.75511939315248e-08	1.08053686982899e-06	8.76810276399096
5611	-1.63645990945801	9.1427994657663	-8.46016324331046	4.91887864364723e-12	8.51745258659687e-10	17.1741243298998
56683	-1.0298874602442	8.39684119566314	-6.07370513544134	7.53121757977991e-08	2.43597371570335e-06	7.7917363123159
56892	1.71574680560614	7.40115717531404	9.30375428490513	1.64318504167436e-13	6.06744776606202e-11	20.4864696399513
56899	1.26139865173765	6.82749364319854	5.3211228134881	1.40394503488492e-06	2.4761127169585e-05	4.95987146289908
56901	1.3824340788319	7.83016065932308	5.74847958077683	2.70098291623632e-07	6.50424883304105e-06	6.55363331313873
56915	-1.09548975553168	7.34377447062327	-5.28863855026669	1.58874347454458e-06	2.73597857094705e-05	4.84052872625258
56920	1.05510723324924	5.21695336765876	8.52732425850328	3.74759690075981e-12	6.98926821991704e-10	17.4392380412689
56944	1.16403731317232	9.1800638624755	6.834334866602	3.59996989084706e-09	2.08977060120662e-07	10.7471126822589
5696	1.02300762763856	7.07094427790182	4.92971436112557	6.1191952768916e-06	8.04768285065165e-05	3.54159823725449
56978	1.32098666448178	6.58270922822687	6.45134606631584	1.67708409114713e-08	7.2238233911303e-07	9.25048430767763
57007	1.04137813899548	9.5665949139416	9.21372829788833	2.35675600253867e-13	7.51205263281916e-11	20.1351636391887
57088	1.1367078710332	8.82857330136922	5.56402461845768	5.52709992230561e-07	1.15903814279832e-05	5.86061582871882
57121	1.58816022135605	6.93994350409127	5.43003684876677	9.25798144322902e-07	1.76799207713778e-05	5.36197917328126
57214	1.12464761792839	7.98229907721416	3.66000594197114	0.000511790154910022	0.0029177864083667	-0.672123339455286
5730	1.22275062323559	9.43076502391848	4.3355069372968	5.24103435499071e-05	0.000458028780046571	1.48503222972803
5732	1.61404187668449	5.66367119086548	8.07237189727224	2.37205260164303e-11	3.10331747458239e-09	15.6404125654051
57413	1.81144357463646	7.94918793644864	4.73806567579639	1.23873045423763e-05	0.000143246593622955	2.86438834775143
57574	1.38724183016411	5.25214876373231	8.52211396004538	3.82748202826413e-12	7.0631144671051e-10	17.4186774107677
57863	1.82713759973174	5.9333731466413	9.29586888456605	1.69588124201152e-13	6.06744776606202e-11	20.4557231984483
5787	1.17685247584165	5.63988037662632	12.411653887097	1.04540578244843e-18	4.58175219302586e-15	32.0978330404984
5789	1.31285220182562	8.67070294166859	6.36172263209589	2.39908455711751e-08	9.73572948398774e-07	8.90254257987386
5800	1.04044389915794	6.35628898018153	4.71808830165991	1.33236056690306e-05	0.00015134216602053	2.79451453810694
5816	1.53666396748571	5.87294383256138	7.1220161119735	1.12528539606139e-09	8.01925946274483e-08	11.8792780592629
58189	1.36279068620444	8.23144793509907	6.14790289879272	5.61476664437536e-08	1.93004851063813e-06	8.07673377942764
58191	1.8388270604822	6.94536608465311	5.30133943694191	1.513802956541e-06	2.62605398211281e-05	4.88715709048566
58475	2.12111602729226	7.39658785895051	5.35378482137419	1.23949279852513e-06	2.2309597793577e-05	5.08014360373479
58494	1.36043843732832	8.81932645165882	9.35575457859675	1.33454282300132e-13	5.08605874566005e-11	20.6891063556626
5866	1.07201856552964	8.66885263172884	5.64176909192861	4.09048979822159e-07	9.10030160566279e-06	6.15182235203544
5915	1.02943485433256	6.44096676559746	6.02324684002124	9.19173976362244e-08	2.82207337646348e-06	7.59842603835338
5919	1.65530476231648	7.96697896043074	6.02848092140298	9.00387087016496e-08	2.78389524206106e-06	7.61845879635001
6004	-1.12566559110892	7.50160573211339	-3.34536123431414	0.0013769559907003	0.00642689442837245	-1.59671877303882
6035	2.32954257229908	9.9070030126443	4.35809928238718	4.84082120574036e-05	0.000430093148654988	1.56076127492629
6038	-1.41386173743426	8.01143958345613	-6.75220857750516	5.01243918675382e-09	2.72897737214227e-07	10.4250144175595
6039	1.37704456729453	6.80974118488392	5.2738316189772	1.68072498043047e-06	2.86065918756569e-05	4.786222391719
60676	-1.31125036636283	8.32212799528956	-4.80114414830387	9.8333574349024e-06	0.000118561615674879	3.08592260692187
6252	1.18234888928492	5.68178189288626	6.80558906321275	4.04239547938954e-09	2.29343803071773e-07	10.6343084052442
629	1.19750454998946	9.42120274416427	3.78050733144245	0.000345864612888236	0.00211948048529745	-0.303647405623417
6335	1.28817811846797	6.41747018512805	5.88847219427184	1.56204778348533e-07	4.31248184130414e-06	7.08421743592095
6347	2.30162368105494	7.61512472689531	6.21115220356091	4.36875329018399e-08	1.5694388100454e-06	8.32034028214965
6348	1.00702102473313	6.28058960060146	3.85076871064643	0.000274364004267097	0.00175671123404181	-0.0853296069116247
6355	1.3270183890741	5.57516852926074	9.22116980301012	2.28748529409823e-13	7.45429312245855e-11	20.164225422897
6357	2.16626513793276	5.88167863164676	8.46450445859811	4.833136372583e-12	8.51745258659687e-10	17.1912665009879
63876	1.1296342419725	6.43515983103777	7.1229516246292	1.12102984452179e-09	8.01925946274483e-08	11.8829680854473
6414	1.44659208047242	10.6203959249752	5.40826895961115	1.00635594533508e-06	1.87088293506568e-05	5.28137513475544
641700	1.00246077938097	8.08821692180634	8.80296435053563	1.23003589995611e-12	2.59804329664224e-10	18.5251290695609
64231	2.2694419521018	8.20713922934138	5.48979947916511	7.35871541160812e-07	1.48282344690692e-05	5.58386436344055
644	1.11555210920567	9.11593244070695	4.7973208674101	9.97228905917538e-06	0.00011990685836516	3.07245629953196
6451	1.02156124326828	9.94611812281755	5.68449204085425	3.46513736912387e-07	8.02377306676558e-06	6.31240734791652
64840	-2.04640368555347	7.81078460409836	-7.32706382613061	4.90031237186802e-10	3.95886526226812e-08	12.6890574121262
64866	-1.09581330873486	7.56270077187761	-3.58745867054264	0.000645805020944676	0.00351439213537056	-0.890225965632779
65055	-1.120368027109	7.72346995900495	-4.39860327544728	4.19628360786271e-05	0.000382673178472739	1.69705523715187
6515	-1.06949700396134	12.0197417120821	-4.07204009083432	0.000130433897484347	0.000966456744208825	0.618102208338901
653	1.87704323881438	8.84870305151923	7.53641304557137	2.09427748910044e-10	1.93235677165367e-08	13.5173875804826
6556	-1.2558409765222	8.38815716494452	-6.77272641863511	4.61483386144042e-09	2.55213414589628e-07	10.5054320693363
6581	1.31987700584189	7.32215727439546	7.04523076267339	1.53553785347743e-09	1.04339201974081e-07	11.5765721230769
6622	1.09512388867959	8.76948978690065	3.09657293270913	0.00290279268119153	0.0116583868256515	-2.28641288660883
6641	1.05502644952811	6.99965139651917	6.46187283151183	1.60792862243303e-08	6.97737541581025e-07	9.29141570197102
6676	-1.1159652138494	6.3543137741337	-6.10979902911979	6.5293200280498e-08	2.18445628648361e-06	7.93026728161535
6688	1.27075463487773	7.38414825309653	4.62512193453044	1.86702872011184e-05	0.000198128816539229	2.47122068756672
6775	1.43524586710489	8.39585631643935	4.11395759638879	0.000113030799477524	0.000855219225567746	0.753967858884817
6781	1.07996253940615	9.33172886079951	4.92024258728402	6.33786532085256e-06	8.25476351707774e-05	3.50784486528624
684	1.07025565195698	8.93801614241248	8.76534764523564	1.43169544138404e-12	2.91849450963995e-10	18.377166240419
6850	1.17821350529556	6.22930785123115	4.89647885209294	6.92071138761662e-06	8.83663447460356e-05	3.42328768287195
6866	1.06101825801951	5.78047363283924	3.96288602627442	0.000188731802806467	0.00129955115278876	0.268148393399491
6909	1.12667342765062	9.05351009960206	6.43456488101559	1.79348651354935e-08	7.65002726740479e-07	9.18526084877392
6916	1.16569930922034	6.59186088991885	4.48543670368215	3.08290474387599e-05	0.000298104815581302	1.99147184230177
6925	1.14552937142897	7.34829046518443	5.69150982311567	3.37186412328071e-07	7.82942383380585e-06	6.33882232352378
6943	1.71393631952642	9.4797330202568	6.60450790792681	9.07801114159062e-09	4.36018118693768e-07	9.84725242407787
7025	1.32579965472487	8.23691088610371	5.75250011946041	2.65896387685155e-07	6.42070189050751e-06	6.56881817472538
7043	1.05196156599198	9.60108841227048	5.6258522562382	4.35091694507894e-07	9.56577227859924e-06	6.09209484087977
7045	1.0054328060551	11.884626803651	4.6751610468667	1.55751813624535e-05	0.000171405213098036	2.64484731420233
7092	1.17141145697238	6.25845942375532	5.81146763039073	2.11201659416924e-07	5.38948514008456e-06	6.79189643877482
7096	1.62206152512751	5.52497036411822	8.78017912758515	1.34849948905758e-12	2.78124053443158e-10	18.4355142275746
7099	1.24090483628243	5.76827076338294	6.70698157533614	6.01335307517928e-09	3.12819266353021e-07	10.2478825978885
7102	1.71505015189858	7.28503121434953	5.23131280766494	1.97495520764144e-06	3.24746585005804e-05	4.63060575057814
7113	-1.14817566006803	7.17492674319594	-5.44327178078983	8.79959895791046e-07	1.70083538402567e-05	5.41104331849439
712	1.4858355710157	6.2130676092904	6.52907749348813	1.22855822627632e-08	5.59424786100003e-07	9.55302885919669
7123	2.61781097168319	6.15235130977617	10.2137781077524	4.45193398233904e-15	2.89062424608836e-12	23.998385053348
713	2.29224739389937	8.17621741879676	4.23199744673724	7.52314764876649e-05	0.000610876801438283	1.1408167682437
7137	1.29411159421635	5.45448635810172	7.94262957516687	4.01838271729673e-11	4.85836327013303e-09	15.1265449864983
714	1.94884215477342	8.48522535421278	4.47483552103744	3.20162691042942e-05	0.000306876552032467	1.95536751815996
715	1.04323723248793	5.5790384600744	8.4583747677706	4.95464431572727e-12	8.51745258659687e-10	17.1670619558891
717	1.45474080167666	6.97801637216859	4.78773819442336	1.03289904847077e-05	0.000123686838925827	3.03872616217461
719	1.44901699644725	6.26288992651432	5.59139623159121	4.97202915382212e-07	1.06428135647931e-05	5.9629889443
7225	1.47876800411186	5.66681689286159	8.07690496742324	2.32877696354766e-11	3.07019525341703e-09	15.6583622531342
723961	1.18230023384345	9.50498356380901	3.61881053237246	0.000584232170113633	0.00324942074056539	-0.796322188300711
725	1.37004212282789	5.34397407525578	13.5776028653778	1.57753555677815e-20	1.38278879229389e-16	36.1370091421663
727	1.13869145158077	5.67740379309008	7.60196451722016	1.60457173055549e-10	1.58032286563866e-08	13.776965426899
728358	1.10731196016465	5.09152450002315	7.96907393361125	3.60896668187605e-11	4.51919963571208e-09	15.2312989761065
7294	1.0113141354226	5.40421108014319	6.00700151687739	9.79991313811925e-08	2.97235773744582e-06	7.53627838366827
730	2.37845387235212	7.73443369958563	6.70203760241505	6.13416722142255e-09	3.17221491323772e-07	10.2285307095778
7305	1.85526275805411	9.24351491144952	3.4881992201313	0.000884058767635668	0.00451323070920818	-1.18393270947331
7412	1.04009902506358	10.8706928074132	5.24179191783333	1.8980518095295e-06	3.14803654426316e-05	4.66891337966308
7424	1.07630714681448	6.61674603823413	8.14832806742107	1.74244571455877e-11	2.4834809611325e-09	15.9411274577737
7448	1.59022449730603	7.71815426428433	6.30783564384442	2.97402869943901e-08	1.15320712711248e-06	8.69382817523059
7450	1.47565661237322	8.85834214302014	5.98200328936937	1.08144461878052e-07	3.18976144674343e-06	7.44073305782023
7454	1.33473833962628	8.34916660284133	3.7927789165747	0.000332207842462421	0.00204851765255318	-0.265698145544881
7464	-1.63715682541948	8.9874520937576	-7.11396806371093	1.16256692168545e-09	8.18090449857385e-08	11.8475353544847
760	-1.0680200396362	10.1729413302872	-4.20965501696212	8.12920714141794e-05	0.000652234006389922	1.06712177179929
767	1.38398482682749	5.95963539475579	5.15462255709637	2.63894957712865e-06	4.08687500323696e-05	4.35117831954439
771	-2.24894048187055	8.5325825846931	-5.99992241987994	1.00772410172185e-07	3.03546584661266e-06	7.50921069211927
7805	1.49085480433668	7.37778665904795	4.45254372365372	3.46594736359405e-05	0.000328134810138422	1.87959270773159
79083	-1.10888448291062	8.09926614882033	-4.98182490500244	5.04198842108026e-06	6.84112393521689e-05	3.72780556256873
79365	1.29764627778124	6.88846735465374	5.22642418401031	2.01187118146098e-06	3.2809408076458e-05	4.61274504632562
7941	1.15072063465845	8.63991492722757	3.30652775364064	0.00155037884908445	0.0070872729082919	-1.70686896126429
79625	1.41671931615126	6.83968670050172	6.73666619196312	5.33616041467444e-09	2.86197537129585e-07	10.364121983305
79839	1.09876633312636	5.45703460439306	6.64453007568411	7.72995006997854e-09	3.77475639768228e-07	10.0036012571561
79895	1.1706853972349	9.27385312152802	4.82311996975575	9.07072766613741e-06	0.000110737414146974	3.16342131504026
79987	1.98697462577433	11.1614962593396	5.00431267892837	4.63670928844303e-06	6.39042063959864e-05	3.80842309444057
8000	-1.8290119060671	8.08906004969869	-3.95387908485464	0.000194529952887119	0.00133319179205007	0.239524750776598
80114	1.02293913145719	7.82648714850277	5.28716851107457	1.59764947701154e-06	2.74592088053817e-05	4.83513456702578
80896	1.18647899015927	9.66505218645632	3.45463097321302	0.000982010958653951	0.00490473906443374	-1.28200300040873
81575	1.00247863864222	6.41561462319514	6.72195778736548	5.66164423972506e-09	2.98958690260903e-07	10.3065166927301
81610	-1.55001943889272	9.15361618888882	-4.6569395117783	1.66394568468308e-05	0.000180966599529079	2.58151670478383
834	1.49573802997582	7.38452295809691	4.74951875915611	1.18798240425442e-05	0.000138474198995906	2.90451008294052
83483	1.17032143394023	6.33587996231495	8.4354319756112	5.43724956238428e-12	9.07813543601512e-10	17.0764539529018
83595	1.19765488454597	7.13071251790688	13.1443118054676	7.34555105005838e-20	4.29249518195245e-16	34.6578286353617
8365	-1.23377447770872	9.52683308858776	-5.29354575645832	1.55936601216239e-06	2.69332468563732e-05	4.85853935594277
83706	1.20407856736695	7.15599353990978	5.39680469334391	1.05151824909843e-06	1.9383981519395e-05	5.23897128192336
83937	1.40143433242848	5.95894255457811	5.83981562618597	1.89026072564651e-07	5.02855247060835e-06	6.89937959295837
83938	1.30912109386982	6.00089414744329	7.54907884527887	1.98923272342797e-10	1.88503993915761e-08	13.5675370354581
8399	-1.45132715940916	8.25028175730727	-4.92841415798076	6.14876913038021e-06	8.07446229398467e-05	3.53696317142412
8404	2.10254445501639	8.35267347537915	6.01611492480462	9.45399107999082e-08	2.88742016765364e-06	7.57113693060759
84417	1.29470925071098	8.52082114721568	3.91232863479132	0.000223568858424716	0.00148856272580467	0.107988922556594
84446	1.23143666600878	7.42585106261811	6.22388311816205	4.15331912097748e-08	1.51375961558953e-06	8.36944467752788
84501	1.34670710417348	10.5034160779945	6.23589462774895	3.95973218893742e-08	1.4676123679548e-06	8.41579554346414
84632	1.28243713178924	7.52179481729786	6.87134548508879	3.10061922114745e-09	1.85518619678962e-07	10.8924459925049
84675	-1.11963302898855	7.9230676868542	-8.07685788650255	2.32922234159183e-11	3.07019525341703e-09	15.6581758276819
8470	1.50632679430907	7.99575998962054	5.85877244122024	1.75498093232998e-07	4.75316392840714e-06	6.97134068069408
84701	2.33396701960574	7.32144154868032	7.52614224198375	2.18351469964622e-10	2.00414639787947e-08	13.4767232824687
84706	-1.12406352845146	10.3614056314543	-7.9219253431626	4.37111183972753e-11	5.1777001123151e-09	15.0445250572354
84868	1.53049577572058	9.03678749092629	3.42887836223186	0.00106403747102267	0.00522950403826701	-1.3568014781804
84870	1.17085781086284	9.58855037512927	6.04581809456015	8.40833029893841e-08	2.64169244571128e-06	7.68484696750216
84898	-1.1071530369991	9.36134928640783	-6.04180958260334	8.54245906961149e-08	2.67903130499748e-06	7.66949301248371
84941	-1.03311805504295	6.36297465696334	-5.1925427009314	2.28703137773357e-06	3.6615476788171e-05	4.48913884216057
85004	1.05638519496715	9.17815941221824	7.12224660295822	1.12423542294535e-09	8.01925946274483e-08	11.880187201134
85409	1.14353218190408	6.53720560790669	5.25570103919784	1.80050704570685e-06	3.00616085888446e-05	4.71980580989971
8547	1.12599229493756	7.59709513546139	5.95270426668371	1.21364905216918e-07	3.52843806526997e-06	7.3288865547039
8601	1.37192380283789	6.60645271267942	6.22202628212777	4.18407165952549e-08	1.52180415483696e-06	8.36228122593319
8613	1.04182771161935	12.2998960473702	4.72007486051994	1.32274900149188e-05	0.000150676496069878	2.8014565482431
8622	1.52640155935342	5.86246486323049	9.25255532522527	2.01712149686763e-13	6.80041480030509e-11	20.2867520970336
8644	1.53050228287037	5.33544959846342	10.4879862655247	1.52373411985725e-15	1.27202775501036e-12	25.0405320800424
8654	1.44263360279406	7.51317053450589	4.61864667367648	1.91122240258462e-05	0.000201356009253071	2.44881949035197
8710	-1.32263401524812	8.42423621899781	-5.17819677963333	2.41438615524518e-06	3.81664595920678e-05	4.43689817690346
8742	1.1703880217659	6.7925233741046	5.11948295269713	3.0122358033354e-06	4.55629903954037e-05	4.22369854510992
8764	1.50833020852641	7.89846762528554	5.02816605492984	4.24171355695653e-06	5.93941536477675e-05	3.89410585752716
8842	1.77238007135605	7.48898872375407	7.7717862350492	8.04650450593359e-11	8.76169381947341e-09	14.4496909131799
8857	2.24235449411426	7.64871578797634	6.06913114780524	7.66859792055384e-08	2.46904901503019e-06	7.77419585345837
8905	1.37754588143261	9.63252546654512	9.05434344052137	4.46901266642203e-13	1.18761899640666e-10	19.5117560146789
89780	1.95499223912606	8.38322758008473	4.20899665043134	8.14776369385932e-05	0.000653125035743245	1.06495350037544
898	-1.04786879992212	10.964630498202	-4.67436018311182	1.56205301976604e-05	0.000171796433434871	2.64206132641735
9034	-1.93092088361936	8.38096749941613	-5.24144696991114	1.90053579055748e-06	3.14917702686797e-05	4.66765190651011
9071	-2.69838573432382	10.6237501860148	-11.1070342822222	1.39453389773182e-16	2.03729781342805e-13	27.3619672284478
9079	1.18737792888339	9.70108931999525	11.4267806414153	4.12457508180858e-17	8.03421397324292e-14	28.5429435894914
90865	1.76497438924731	7.21310090601287	8.33942477446393	8.02396272495366e-12	1.27856022757849e-09	16.6970841899313
91614	-1.52228430987295	7.06483639442565	-5.23951980144153	1.91447229700437e-06	3.16678468425202e-05	4.66060485351313
920	1.34961246162741	6.04989927779428	5.39985038456299	1.0393290052987e-06	1.91996594224358e-05	5.25023345455422
9242	1.83270730317767	5.11827939857295	14.3618615029215	1.03603117051734e-21	1.81626624503394e-17	38.7481005805251
929	1.53425517837631	12.1622708962929	4.11044419475281	0.000114398869352355	0.000864078663772568	0.742549142990894
9332	2.2463020417097	9.01500069029851	4.43211501132431	3.72671515898949e-05	0.000346962524972092	1.81032376635233
9358	1.00434919395829	5.84612583281296	5.07542081188499	3.55416585638491e-06	5.22718805606408e-05	4.06435536459663
94	1.15371780241802	9.8341735569587	6.52213129601953	1.26323617763509e-08	5.72242724292525e-07	9.52596529221086
940	1.35570399829212	5.82077681543568	8.81531502127222	1.17024634057755e-12	2.57391632458047e-10	18.5736924129543
94015	1.3566865053108	5.37393673412683	9.79613079099814	2.31138536580784e-14	1.12558046799937e-11	22.3961352900426
94027	-1.09195936318296	13.442031600454	-9.28206148095	1.79227517296319e-13	6.28407521144355e-11	20.4018744361757
942	1.20552302465285	7.55558472491586	3.64015681371817	0.000545554762755535	0.0030742914001502	-0.73208035234749
94274	1.08277311220063	9.05627354507257	8.50846245750451	4.04497967184755e-12	7.38672277366243e-10	17.3648010662316
945	1.13680652206294	5.946308438845	5.65708874420978	3.85438700576854e-07	8.66298187155491e-06	6.20936047623265
9450	1.5102179634531	6.76099183113501	5.7564476377963	2.61833655756071e-07	6.3313183711168e-06	6.58373040877542
9452	1.20409640939488	7.77885983986862	4.69838897123874	1.43143726009836e-05	0.00016024601920041	2.7257508535499
946	-1.33669813637822	11.5969721357326	-5.27575822805359	1.66846675400759e-06	2.84809061971831e-05	4.79328518124941
947	1.24680694948308	10.0944244228918	10.0210180878603	9.50200544007763e-15	5.37353733451616e-12	23.2610436502071
948	2.03113446662989	10.1660552449284	3.44141361355163	0.00102333187779833	0.00507353822106406	-1.3204406032737
951	1.48457430402524	5.89756539309808	7.10433740501005	1.20880171847764e-09	8.40932655818708e-08	11.8095551915549
9535	1.19849004513354	8.6466689190229	6.68444085652591	6.58409927692891e-09	3.31731380144871e-07	10.1596712221649
9576	-1.12650118214878	7.06290729152173	-9.29858319216105	1.67755328154803e-13	6.06744776606202e-11	20.4663072587921
960	1.00310291089619	9.45781007149796	5.01676063924238	4.42628196309786e-06	6.15362007098085e-05	3.8531152593396
963	1.17015478305745	6.90298183533486	5.1942180992836	2.27259551757396e-06	3.64843150353379e-05	4.49524355138318
972	1.18331214711553	7.41783444653306	3.47611653396146	0.000918197075766515	0.00464825669513796	-1.21930661567424
9771	1.30692823369109	8.06257991385927	9.48210505687421	8.05676975547722e-14	3.44495684349442e-11	21.1805742282359
9783	1.01584090261656	5.56527033666218	6.1068058574193	6.60712142161527e-08	2.19790219435175e-06	7.91877144445833
9839	1.09103686668241	8.1642635450452	7.23490047811303	7.12175546788292e-10	5.47594276787085e-08	12.3248536558981
9912	1.58661685121852	6.9459418199281	9.16127732843629	2.90859851373249e-13	8.94572641127093e-11	19.9302088562032
9935	1.46899821720974	8.1579193062998	4.15073370713068	9.96264143203528e-05	0.00077178553665493	0.873827327927346
9938	1.09664699998098	6.35919406591507	5.90190327817012	1.48183734886253e-07	4.14154741766133e-06	7.13531687852436
